motif_id	motif_alt_id	sequence_name	start	stop	strand	score	p-value	q-value	matched_sequence
2		A0A0D3GFF5_9ORYZ	552	580	+	67.7576	2.66e-22	3e-17	LKPCFLYLSIFPEDFEIQRGRLVDRWIAE
17		A0A0D3GFF5_9ORYZ	138	173	+	58.4941	1.62e-19	1.76e-14	SAVGKAASAAADEATLLLGIQKEIWYIKDELKTIQA
7		A0A0D3GFF5_9ORYZ	622	642	+	48.9531	5.15e-17	6.08e-12	CRIHDIMRDIIVSISREENFV
1		A0A0D3GFF5_9ORYZ	314	334	+	46.5909	2.52e-16	2.3e-11	CVVGMGGLGKTTLARKAYENK
1		A0A6G1CAD2_9ORYZ	171	191	+	44.6515	6.17e-16	2.3e-11	SILGCGGIGKTALAKQVFREL
2		Pii-2	415	443	+	35.697	8.42e-16	1.67e-11	LKSCFAYLSTIPKGTIIDREKLIEQWIAL
2		A0A0E0LZX0_ORYPU	374	402	+	35.1212	1.04e-15	1.67e-11	LKSCFAYLSTIPKRTIIDREKLIEQWIAL
1		A0A0D9XCJ7_9ORYZ	299	319	+	43.4394	1.06e-15	2.3e-11	PIVGLAGLGKTALAKLIFHDQ
1		A0A0D9XCJ8_9ORYZ	299	319	+	43.4394	1.06e-15	2.3e-11	PIVGLAGLGKTALAKLIFHDQ
2		A0A287XZS2_HORVV	109	137	+	34.4697	1.33e-15	1.67e-11	LKTCLLYLSTYPEGCLFLKGDLVKQWVAE
2		A0A287XZY9_HORVV	323	351	+	34.4697	1.33e-15	1.67e-11	LKTCLLYLSTYPEGCLFLKGDLVKQWVAE
2		A0A287Y046_HORVV	373	401	+	34.4697	1.33e-15	1.67e-11	LKTCLLYLSTYPEGCLFLKGDLVKQWVAE
2		A0A287XZT2_HORVV	417	445	+	34.4697	1.33e-15	1.67e-11	LKTCLLYLSTYPEGCLFLKGDLVKQWVAE
2		M0YWH3_HORVV	417	445	+	34.4697	1.33e-15	1.67e-11	LKTCLLYLSTYPEGCLFLKGDLVKQWVAE
2		A0A287Y020_HORVV	464	492	+	34.4697	1.33e-15	1.67e-11	LKTCLLYLSTYPEGCLFLKGDLVKQWVAE
1		A0A3L6PIH5_PANMI	189	209	+	42.5455	1.56e-15	2.3e-11	SILGPAGVGKSTLAREVYREI
2		A0A0D9XCJ8_9ORYZ	528	556	+	33.4091	1.97e-15	2.03e-11	LKSCFAYLSTIPRGTIIDREKLIEQWIAL
2		A0A0D9XCJ7_9ORYZ	528	556	+	33.4091	1.97e-15	2.03e-11	LKSCFAYLSTIPRGTIIDREKLIEQWIAL
1		A0A287XZY9_HORVV	103	123	+	41.9848	1.99e-15	2.3e-11	PIVGVGGIGKTTLAQKLWSKL
1		A0A287Y046_HORVV	153	173	+	41.9848	1.99e-15	2.3e-11	PIVGVGGIGKTTLAQKLWSKL
1		M0YWH3_HORVV	197	217	+	41.9848	1.99e-15	2.3e-11	PIVGVGGIGKTTLAQKLWSKL
1		A0A287XZT2_HORVV	197	217	+	41.9848	1.99e-15	2.3e-11	PIVGVGGIGKTTLAQKLWSKL
1		A0A287Y020_HORVV	244	264	+	41.9848	1.99e-15	2.3e-11	PIVGVGGIGKTTLAQKLWSKL
1		A0A3L6Q3Z7_PANMI	186	206	+	41.8182	2.14e-15	2.3e-11	SILGPAGVGKSTLAQEVYREI
8		A0A0D3GFF5_9ORYZ	591	611	+	45.4667	2.16e-15	2.55e-10	IEDVGNSHFNELINRSLIQPS
6		A0A0D3GFF5_9ORYZ	339	367	+	41.5441	3.25e-15	3.67e-10	NFSCCAWITVSQSFDRKEILKQMIRQLLG
1		A0A453GTZ9_AEGTS	196	216	+	34.697	3.86e-14	3.5e-10	PIVGEGGIGKTTLAQKLWSKL
1		A0A453GU37_AEGTS	196	216	+	34.697	3.86e-14	3.5e-10	PIVGEGGIGKTTLAQKLWSKL
9		A0A0E0LZX0_ORYPU	530	550	+	40.0676	6.38e-14	1.88e-09	LNHLRVLDLSGCCIVELPDFI
9		Pii-2	571	591	+	40.0676	6.38e-14	1.88e-09	LNHLRVLDLSGCCIVELPDFI
9		A0A0D9XCJ8_9ORYZ	684	704	+	40.0676	6.38e-14	1.88e-09	LNHLRVLDLSGCCIVELPDFI
9		A0A0D9XCJ7_9ORYZ	684	704	+	40.0676	6.38e-14	1.88e-09	LNHLRVLDLSGCCIVELPDFI
1		A0A0E0IZU7_ORYNI	174	194	+	31.6061	1.24e-13	1.04e-09	SILGCAGVGKTALAKQVFCEL
1		A0A0E0LZX0_ORYPU	145	165	+	31.2121	1.43e-13	1.13e-09	PIVGLAGLGKTAVAKLIFHDQ
2		A0A453GU18_AEGTS	10	38	+	20.197	1.91e-13	1.54e-09	LKTCMLYLSTYSEGCLFLKSDLVKQWVAE
2		A0A453GTZ9_AEGTS	417	445	+	20.197	1.91e-13	1.54e-09	LKTCMLYLSTYSEGCLFLKSDLVKQWVAE
2		A0A453GU37_AEGTS	417	445	+	20.197	1.91e-13	1.54e-09	LKTCMLYLSTYSEGCLFLKSDLVKQWVAE
3		A0A0D3GFF5_9ORYZ	495	515	+	37.3538	3.3e-13	3.89e-08	CGYLPLAILTIGGILATKKIM
1		Pii-2	186	206	+	27.8636	4.77e-13	3.52e-09	PIVGLAGLGKTAVAKLIFHEQ
4		A0A0D3GFF5_9ORYZ	402	416	+	36.3175	1.21e-12	1.47e-07	YFVVLDDLWTIDAWN
2		A0A3L6PIH5_PANMI	423	451	+	13.6818	1.5e-12	1.06e-08	LKTCLLYFSLYPEGYTFLKTDLVKQWTAE
2		A0A3L6Q3Z7_PANMI	433	461	+	13.6818	1.5e-12	1.06e-08	LKTCLLYFSLYPEGYAFLKTDLVKQWTAE
2		A0A6G1CAD2_9ORYZ	400	428	+	13.4242	1.62e-12	1.08e-08	LKTCLQYLTMYPEGCIICKADLVKQWAAE
12		A0A0D3GFF5_9ORYZ	537	551	+	33.9444	5.54e-12	6.74e-07	MRRMVTLSYNHLPSH
11		A0A0E0LZX0_ORYPU	599	617	+	33.2059	8.75e-12	2.61e-07	FEKLKYLNLQGCDKLVNLP
11		Pii-2	640	658	+	33.2059	8.75e-12	2.61e-07	FEKLKYLNLQGCDKLVNLP
11		A0A0D9XCJ8_9ORYZ	753	771	+	33.2059	8.75e-12	2.61e-07	FEKLKYLNLQGCDKLVNLP
11		A0A0D9XCJ7_9ORYZ	753	771	+	33.2059	8.75e-12	2.61e-07	FEKLKYLNLQGCDKLVNLP
4		A0A6G1CAD2_9ORYZ	249	263	+	33.1429	8.97e-12	3.64e-07	YFIVIDDLWETTSWD
4		A0A0E0IZU7_ORYNI	252	266	+	33.1429	8.97e-12	3.64e-07	YFIVIDDLWETTSWD
6		A0A287XZY9_HORVV	126	154	+	20.6471	1.05e-11	1.77e-07	QFECRAFVRTAQKPDMRGIIRSILSQARP
6		A0A287Y046_HORVV	176	204	+	20.6471	1.05e-11	1.77e-07	QFECRAFVRTAQKPDMRGIIRSILSQARP
6		M0YWH3_HORVV	220	248	+	20.6471	1.05e-11	1.77e-07	QFECRAFVRTAQKPDMRGIIRSILSQARP
6		A0A287XZT2_HORVV	220	248	+	20.6471	1.05e-11	1.77e-07	QFECRAFVRTAQKPDMRGIIRSILSQARP
6		A0A287Y020_HORVV	267	295	+	20.6471	1.05e-11	1.77e-07	QFECRAFVRTAQKPDMRGIIRSILSQARP
6		A0A0E0IZU7_ORYNI	197	225	+	20.5147	1.09e-11	1.77e-07	RFECRAFVQVSRMPDTKRLLRSMLSQFRR
17		A0A6G1CAD2_9ORYZ	14	49	+	11.1529	1.85e-11	1.01e-06	SLLRKLHDLLAPESQLIKPLKDGIDLLKQDLERVHA
2		A0A0E0IZU7_ORYNI	403	431	+	4.33333	2.39e-11	1.5e-07	LKTCLQYLTMYPEGCIIWKADLVKQWTAE
6		A0A453GTZ9_AEGTS	219	247	+	14.0735	8.63e-11	1.09e-06	QFECRAFVRTAQKPDMRGIIRSILSQVRR
6		A0A453GU37_AEGTS	219	247	+	14.0735	8.63e-11	1.09e-06	QFECRAFVRTAQKPDMRGIIRSILSQVRR
9		A0A0E0LZX0_ORYPU	576	596	+	28.9459	9.89e-11	1.46e-06	LSNLEVLDLSETSLELLPSSI
9		Pii-2	617	637	+	28.9459	9.89e-11	1.46e-06	LSNLEVLDLSETSLELLPSSI
9		A0A0D9XCJ8_9ORYZ	730	750	+	28.9459	9.89e-11	1.46e-06	LSNLEVLDLSETSLEFLPSSI
9		A0A0D9XCJ7_9ORYZ	730	750	+	28.9459	9.89e-11	1.46e-06	LSNLEVLDLSETSLEFLPSSI
6		A0A3L6Q3Z7_PANMI	209	237	+	13.2353	1.12e-10	1.26e-06	QFERRAFVRASRVPDARRLLRSIISQVRR
16		A0A0D3GFF5_9ORYZ	197	213	+	29.589	1.24e-10	1.5e-05	DLSYNIEDCLDEFKVHV
6		A0A3L6PIH5_PANMI	212	240	+	12.8824	1.24e-10	1.28e-06	QFDRRAFVRASRVPDARRLLRSMISQVRR
6		A0A6G1CAD2_9ORYZ	194	222	+	9.42647	3.5e-10	3.3e-06	RFECRAFVQASRMPDTKRLLRSMLSQVRR
3		A0A453GU37_AEGTS	361	381	+	19.9077	4.51e-10	1.77e-05	CGGLPLAIIIAASLLAIQPEK
3		A0A453GTZ9_AEGTS	361	381	+	19.9077	4.51e-10	1.77e-05	CGGLPLAIIIAASLLAIQPEK
5		A0A0D3GFF5_9ORYZ	429	448	+	24.1714	5.47e-10	6.49e-05	RGSRIIITTRDAGLAGRCTS
8		A0A453GU18_AEGTS	49	69	+	14.2667	1.9e-09	5.6e-05	MEEVAGSYFDKLVSAGLIQAM
8		A0A453GU37_AEGTS	456	476	+	14.2667	1.9e-09	5.6e-05	MEEVAGSYFDKLVSAGLIQAM
8		A0A453GTZ9_AEGTS	456	476	+	14.2667	1.9e-09	5.6e-05	MEEVAGSYFDKLVSAGLIQAM
4		A0A453GTZ9_AEGTS	272	286	+	21.4921	2.12e-09	2.77e-05	YFIIIDDLWAISVWD
4		A0A453GU37_AEGTS	272	286	+	21.4921	2.12e-09	2.77e-05	YFIIIDDLWAISVWD
4		A0A287XZY9_HORVV	179	193	+	21.3016	2.28e-09	2.77e-05	YFIIIDDLWAISLWD
4		A0A287Y046_HORVV	229	243	+	21.3016	2.28e-09	2.77e-05	YFIIIDDLWAISLWD
4		A0A287XZT2_HORVV	273	287	+	21.3016	2.28e-09	2.77e-05	YFIIIDDLWAISLWD
4		M0YWH3_HORVV	273	287	+	21.3016	2.28e-09	2.77e-05	YFIIIDDLWAISLWD
4		A0A287Y020_HORVV	320	334	+	21.3016	2.28e-09	2.77e-05	YFIIIDDLWAISLWD
11		A0A0E0LZX0_ORYPU	671	689	+	22.4706	2.58e-09	5.89e-05	LASLEDLSMSKCSKLEQLP
9		A0A0D9XCJ8_9ORYZ	707	727	+	21.7162	3.28e-09	3.87e-05	LRHLRYLDVSYSRILSLSSQL
9		A0A0D9XCJ7_9ORYZ	707	727	+	21.7162	3.28e-09	3.87e-05	LRHLRYLDVSYSRILSLSSQL
4		A0A3L6Q3Z7_PANMI	263	277	+	19.9206	3.83e-09	3.88e-05	YFIVIDGLWETTSWD
4		A0A3L6PIH5_PANMI	266	280	+	19.9206	3.83e-09	3.88e-05	YFIVIDGLWETTSWD
11		A0A0D9XCJ8_9ORYZ	801	819	+	21.4853	3.99e-09	5.89e-05	LHELRFLDLSSCTDLQELP
11		A0A0D9XCJ7_9ORYZ	801	819	+	21.4853	3.99e-09	5.89e-05	LHELRFLDLSSCTDLQELP
3		A0A0E0LZX0_ORYPU	316	336	+	13	4.33e-09	5.24e-05	CEGIPAVAYSLGSLLRNKNEE
3		A0A287XZS2_HORVV	53	73	+	12.9231	4.44e-09	5.24e-05	CGGLPLAIIVAASLLTIQPDK
3		A0A287XZY9_HORVV	267	287	+	12.9231	4.44e-09	5.24e-05	CGGLPLAIIVAASLLTIQPDK
3		A0A287Y046_HORVV	317	337	+	12.9231	4.44e-09	5.24e-05	CGGLPLAIIVAASLLTIQPDK
3		M0YWH3_HORVV	361	381	+	12.9231	4.44e-09	5.24e-05	CGGLPLAIIVAASLLTIQPDK
3		A0A287XZT2_HORVV	361	381	+	12.9231	4.44e-09	5.24e-05	CGGLPLAIIVAASLLTIQPDK
3		A0A287Y020_HORVV	408	428	+	12.9231	4.44e-09	5.24e-05	CGGLPLAIIVAASLLTIQPDK
11		A0A0D9XCJ8_9ORYZ	849	867	+	21.2353	4.44e-09	5.89e-05	LFYLRSLNLSSCSGLRMLP
11		A0A0D9XCJ7_9ORYZ	849	867	+	21.2353	4.44e-09	5.89e-05	LFYLRSLNLSSCSGLRMLP
9		A0A0E0LZX0_ORYPU	553	573	+	19.4595	8.43e-09	8.29e-05	LRHLRYLDVSYSRILSLSTQL
9		Pii-2	594	614	+	19.4595	8.43e-09	8.29e-05	LRHLRYLDVSYSRILSLSTQL
5		A0A453GTZ9_AEGTS	297	316	+	16.2143	1.07e-08	0.000179	CCSRIVTTTETMEVALACCG
5		A0A453GU37_AEGTS	297	316	+	16.2143	1.07e-08	0.000179	CCSRIVTTTETMEVALACCG
3		A0A6G1CAD2_9ORYZ	340	360	+	9.89231	1.12e-08	0.00011	CGGLPLGIINIARLLASEMDN
3		A0A0E0IZU7_ORYNI	343	363	+	9.89231	1.12e-08	0.00011	CGGLPLGIINIARLLASEVDN
5		A0A287XZY9_HORVV	204	223	+	15.8714	1.21e-08	0.000179	CGSRIVTITETMEVALACCG
5		A0A287Y046_HORVV	254	273	+	15.8714	1.21e-08	0.000179	CGSRIVTITETMEVALACCG
5		A0A287XZT2_HORVV	298	317	+	15.8714	1.21e-08	0.000179	CGSRIVTITETMEVALACCG
5		M0YWH3_HORVV	298	317	+	15.8714	1.21e-08	0.000179	CGSRIVTITETMEVALACCG
5		A0A287Y020_HORVV	345	364	+	15.8714	1.21e-08	0.000179	CGSRIVTITETMEVALACCG
10		A0A0D9XCJ7_9ORYZ	436	450	+	21.3143	1.26e-08	0.000769	LSEADCWTIFCQRAF
10		A0A0D9XCJ8_9ORYZ	436	450	+	21.3143	1.26e-08	0.000769	LSEADCWTIFCQRAF
11		A0A0E0LZX0_ORYPU	647	665	+	18.5294	1.37e-08	0.000149	LHELRILDLSSCTDLQEMP
11		Pii-2	688	706	+	18.5294	1.37e-08	0.000149	LHELRILDLSSCTDLQEMP
8		A0A3L6Q3Z7_PANMI	472	492	+	6.88	1.76e-08	0.000414	ANEVAECCFDELVSRGLVQSN
7		A0A0E0LZX0_ORYPU	451	471	+	13.5625	1.8e-08	0.000349	LRIHNLVHDFAMYVARDDLII
7		Pii-2	492	512	+	13.5625	1.8e-08	0.000349	LRIHNLVHDFAMYVARDDLII
7		A0A0D9XCJ7_9ORYZ	605	625	+	13.5625	1.8e-08	0.000349	LRIHNLVHDFAMYVARDDLII
7		A0A0D9XCJ8_9ORYZ	605	625	+	13.5625	1.8e-08	0.000349	LRIHNLVHDFAMYVARDDLII
11		A0A0D9XCJ7_9ORYZ	777	795	+	15.8676	3.85e-08	0.000353	LKRLENLNLSYCYGITELP
11		A0A0D9XCJ8_9ORYZ	777	795	+	15.8676	3.85e-08	0.000353	LKRLENLNLSYCYGITELP
8		A0A287XZS2_HORVV	148	168	+	4.09333	3.86e-08	0.000414	MEEVAGSYFGKLVSAGLIQAM
8		A0A287XZY9_HORVV	362	382	+	4.09333	3.86e-08	0.000414	MEEVAGSYFGKLVSAGLIQAM
8		A0A287Y046_HORVV	412	432	+	4.09333	3.86e-08	0.000414	MEEVAGSYFGKLVSAGLIQAM
8		M0YWH3_HORVV	456	476	+	4.09333	3.86e-08	0.000414	MEEVAGSYFGKLVSAGLIQAM
8		A0A287XZT2_HORVV	456	476	+	4.09333	3.86e-08	0.000414	MEEVAGSYFGKLVSAGLIQAM
8		A0A287Y020_HORVV	503	523	+	4.09333	3.86e-08	0.000414	MEEVAGSYFGKLVSAGLIQAM
3		A0A3L6Q3Z7_PANMI	375	395	+	5.58462	3.91e-08	0.000355	CSGLPLATTIIASVLACQPDN
7		A0A453GU18_AEGTS	80	100	+	11	4.14e-08	0.000349	YSVHHMVLDLITYKSIEENFI
7		A0A287XZS2_HORVV	179	199	+	11	4.14e-08	0.000349	YSVHHMVLDLITYKSIEENFI
7		A0A287XZY9_HORVV	393	413	+	11	4.14e-08	0.000349	YSVHHMVLDLITYKSIEENFI
7		A0A287Y046_HORVV	443	463	+	11	4.14e-08	0.000349	YSVHHMVLDLITYKSIEENFI
7		A0A453GU37_AEGTS	487	507	+	11	4.14e-08	0.000349	YSVHHMVLDLITYKSIEENFI
7		A0A287XZT2_HORVV	487	507	+	11	4.14e-08	0.000349	YSVHHMVLDLITYKSIEENFI
7		A0A453GTZ9_AEGTS	487	507	+	11	4.14e-08	0.000349	YSVHHMVLDLITYKSIEENFI
7		M0YWH3_HORVV	487	507	+	11	4.14e-08	0.000349	YSVHHMVLDLITYKSIEENFI
7		A0A287Y020_HORVV	534	554	+	11	4.14e-08	0.000349	YSVHHMVLDLITYKSIEENFI
11		Pii-2	712	730	+	15.5441	4.35e-08	0.00037	LASLENLNMSKCSKLEQLP
10		A0A0E0IZU7_ORYNI	308	322	+	17.7	5.92e-08	0.0024	LSRDDSLNLFLNSAF
3		A0A0D9XCJ7_9ORYZ	470	490	+	2.43077	9.36e-08	0.000737	CEGIPVVAYSLGSMVRNKDED
3		A0A0D9XCJ8_9ORYZ	470	490	+	2.43077	9.36e-08	0.000737	CEGIPVVAYSLGSMVRNKDED
3		Pii-2	357	377	+	1.87692	1.09e-07	0.000802	CEGIPAVAYSLGSLVRNKNKE
5		A0A0E0IZU7_ORYNI	277	296	+	9.07143	1.09e-07	0.00143	DCSRILMTTTIEDVALECCD
11		A0A0E0LZX0_ORYPU	695	713	+	12.6618	1.23e-07	0.000857	LCYLRSFNLSGCSGLKMLP
11		Pii-2	736	754	+	12.6618	1.23e-07	0.000857	LCYLRSFNLSGCSGLKMLP
3		A0A3L6PIH5_PANMI	365	385	+	1.32308	1.26e-07	0.000876	CSGLPLATTIIASVFACQPDN
11		A0A0D9XCJ8_9ORYZ	825	843	+	12.5147	1.29e-07	0.000857	LGSLEDLNMSKCSKLAQLP
11		A0A0D9XCJ7_9ORYZ	825	843	+	12.5147	1.29e-07	0.000857	LGSLEDLNMSKCSKLAQLP
6		A0A0D9XCJ7_9ORYZ	324	352	+	-13.6471	1.47e-07	0.00118	NFDQRIWVHLDRKLDLNKIANDIISQVNQ
6		A0A0D9XCJ8_9ORYZ	324	352	+	-13.6471	1.47e-07	0.00118	NFDQRIWVHLDRKLDLNKIANDIISQVNQ
8		A0A0E0IZU7_ORYNI	442	462	+	-0.946667	1.5e-07	0.00147	ANAVADSYFDELVSRGMMQPN
7		A0A6G1CAD2_9ORYZ	470	490	+	6.17188	1.81e-07	0.00143	CTVHHMVFDVIKDMSVEENFT
8		A0A6G1CAD2_9ORYZ	439	459	+	-2.89333	2.48e-07	0.00225	ANAVADSYFDELVSKGMVQPN
6		A0A0E0LZX0_ORYPU	170	198	+	-16.3235	2.71e-07	0.00204	NFDQRIWVHLDRKLDLNKIANSIISQVNQ
5		A0A6G1CAD2_9ORYZ	274	293	+	5.72857	2.94e-07	0.00348	DCSRILMTTAIEDIALECCD
10		A0A3L6Q3Z7_PANMI	340	354	+	12.8	3.68e-07	0.00615	LSIDDSMDLFFNRVF
6		Pii-2	211	239	+	-18.0735	4.01e-07	0.00284	NFDQRIWVHLDKKLDLNKIANSIISQVNQ
9		A0A0D3GFF5_9ORYZ	749	769	+	8.56757	4.09e-07	0.00372	LQCLQILNMREANISALTTEV
10		A0A287XZS2_HORVV	21	35	+	11.8857	5.05e-07	0.00615	LGEDDSEKLLLQRIL
10		A0A287XZY9_HORVV	235	249	+	11.8857	5.05e-07	0.00615	LGEDDSEKLLLQRIL
10		A0A287Y046_HORVV	285	299	+	11.8857	5.05e-07	0.00615	LGEDDSEKLLLQRIL
10		M0YWH3_HORVV	329	343	+	11.8857	5.05e-07	0.00615	LGEDDSEKLLLQRIL
10		A0A287XZT2_HORVV	329	343	+	11.8857	5.05e-07	0.00615	LGEDDSEKLLLQRIL
10		A0A287Y020_HORVV	376	390	+	11.8857	5.05e-07	0.00615	LGEDDSEKLLLQRIL
11		A0A0D3GFF5_9ORYZ	1002	1020	+	8.14706	5.53e-07	0.00347	FPNLRCLDIYLLKQLREIR
5		A0A3L6PIH5_PANMI	291	310	+	1.88571	8.66e-07	0.00934	HCSRVLITTDIEEVALECCD
8		A0A0E0LZX0_ORYPU	414	434	+	-8.69333	1.03e-06	0.00814	AYVQGEMFIQQLLSISFLQVR
8		Pii-2	455	475	+	-8.69333	1.03e-06	0.00814	AYVQGEMFIQQLLSISFLQVR
12		A0A6G1CAD2_9ORYZ	385	399	+	7.70833	1.33e-06	0.0207	LRNIVRFSYKSLPRH
12		A0A287XZS2_HORVV	45	59	+	7.63889	1.36e-06	0.0207	VLPQIKRSCGGLPLA
12		A0A287XZY9_HORVV	259	273	+	7.63889	1.36e-06	0.0207	VLPQIKRSCGGLPLA
12		A0A287Y046_HORVV	309	323	+	7.63889	1.36e-06	0.0207	VLPQIKRSCGGLPLA
12		A0A287XZT2_HORVV	353	367	+	7.63889	1.36e-06	0.0207	VLPQIKRSCGGLPLA
12		M0YWH3_HORVV	353	367	+	7.63889	1.36e-06	0.0207	VLPQIKRSCGGLPLA
12		A0A287Y020_HORVV	400	414	+	7.63889	1.36e-06	0.0207	VLPQIKRSCGGLPLA
4		A0A0E0LZX0_ORYPU	227	241	+	1.20635	1.54e-06	0.0134	SLIVLDDLFSTEENQ
4		Pii-2	268	282	+	1.20635	1.54e-06	0.0134	SLIVLDDLFSTEENQ
5		A0A0E0LZX0_ORYPU	254	273	+	-0.314286	1.56e-06	0.0124	KGTKIIVTTSSEISAELIHT
5		Pii-2	295	314	+	-0.314286	1.56e-06	0.0124	KGTKIIVTTSSEISAELIHT
5		A0A0D9XCJ8_9ORYZ	408	427	+	-0.314286	1.56e-06	0.0124	KGTKIIVTTSSEISAELIHT
5		A0A0D9XCJ7_9ORYZ	408	427	+	-0.314286	1.56e-06	0.0124	KGTKIIVTTSSEISAELIHT
11		A0A0E0LZX0_ORYPU	623	641	+	3.67647	2.16e-06	0.0123	LKRLENLNLSYCYGITRLP
11		Pii-2	664	682	+	3.67647	2.16e-06	0.0123	LKRLENLNLSYCYGITMLP
17		M0YWH3_HORVV	16	51	+	-39.2118	2.29e-06	0.0499	LARKLDDLLATRHRALRGSVTDEIEQLATDLRTLRG
17		A0A287XZT2_HORVV	16	51	+	-39.2118	2.29e-06	0.0499	LARKLDDLLATRHRALRGSVTDEIEQLATDLRTLRG
17		A0A287Y020_HORVV	63	98	+	-39.2118	2.29e-06	0.0499	LARKLDDLLATRHRALRGSVTDEIEQLATDLRTLRG
7		A0A0E0IZU7_ORYNI	473	493	+	-3.3125	2.46e-06	0.0182	CTVHHMVFDVVKDMSVEENFT
5		A0A3L6Q3Z7_PANMI	288	307	+	-2.21429	2.57e-06	0.019	HCSSVLITTDIEEVALECCD
8		A0A3L6PIH5_PANMI	462	482	+	-14.1733	3.67e-06	0.0271	ANEVAECYFDELVSRGLEHSN
13		A0A453BUF3_AEGTS	3	34	+	-69.1084	5.3e-06	0.0321	QPRIPAFGDWENSEDVPYTQKFEGARKNKKTG
13		A0A446L2A0_TRITD	3	34	+	-69.1084	5.3e-06	0.0321	QPRIPAFGDWENSEDVPYTQKFEGARKNKKTG
13		A0A3B6AZB6_WHEAT	3	34	+	-69.1084	5.3e-06	0.0321	QPRIPAFGDWENSEDVPYTQKFEGARKNKKTG
13		I1IWZ3_BRADI	3	34	+	-69.1084	5.3e-06	0.0321	QPRIPTFGDWENSEDTPYTQKFEGARKNKKTG
13		A0A3B6C6C1_WHEAT	3	34	+	-69.1084	5.3e-06	0.0321	QPRIPAFGDWENSEDVPYTQKFEGARKNKKTG
13		A0A453BUE9_AEGTS	3	34	+	-69.1084	5.3e-06	0.0321	QPRIPAFGDWENSEDVPYTQKFEGARKNKKTG
13		A0A453BUJ6_AEGTS	3	34	+	-69.1084	5.3e-06	0.0321	QPRIPAFGDWENSEDVPYTQKFEGARKNKKTG
13		A0A446MBB5_TRITD	3	34	+	-69.1084	5.3e-06	0.0321	QPRIPAFGDWENSEDVPYTQKFEGARKNKKTG
13		A0A446MBM1_TRITD	3	34	+	-69.1084	5.3e-06	0.0321	QPRIPAFGDWENSEDVPYTQKFEGARKNKKTG
13		A0A446L280_TRITD	3	34	+	-69.1084	5.3e-06	0.0321	QPRIPAFGDWENSEDVPYTQKFEGARKNKKTG
13		A0A3B6DGK2_WHEAT	3	34	+	-69.1084	5.3e-06	0.0321	QPRIPAFGDWENSEDVPYTQKFEGARKNKKTG
13		A0A453BUK3_AEGTS	7	38	+	-69.1084	5.3e-06	0.0321	QPRIPAFGDWENSEDVPYTQKFEGARKNKKTG
13		I1IWZ0_BRADI	7	38	+	-69.1084	5.3e-06	0.0321	QPRIPTFGDWENSEDTPYTQKFEGARKNKKTG
13		A0A453BUG7_AEGTS	8	39	+	-69.1084	5.3e-06	0.0321	QPRIPAFGDWENSEDVPYTQKFEGARKNKKTG
13		A0A446L2F0_TRITD	12	43	+	-69.1084	5.3e-06	0.0321	QPRIPAFGDWENSEDVPYTQKFEGARKNKKTG
13		A0A446MBF2_TRITD	12	43	+	-69.1084	5.3e-06	0.0321	QPRIPAFGDWENSEDVPYTQKFEGARKNKKTG
13		A0A446MBI8_TRITD	12	43	+	-69.1084	5.3e-06	0.0321	QPRIPAFGDWENSEDVPYTQKFEGARKNKKTG
13		A0A453BUK4_AEGTS	12	43	+	-69.1084	5.3e-06	0.0321	QPRIPAFGDWENSEDVPYTQKFEGARKNKKTG
15		A0A0D3HNT0_9ORYZ	647	667	+	-34.9733	6.46e-06	0.763	EAAATVVAEAAEVVTGVDCAD
14		A0A6G1CAD2_9ORYZ	321	370	+	-146.624	6.66e-06	0.6	SEQNCSEQLREVSSEIVRNCGGLPLGIINIARLLASEMDNLELWCHVQKY
9		Pii-2	712	732	+	-1.45946	7.31e-06	0.0617	LASLENLNMSKCSKLEQLPES
13		A0A1E5UV79_9POAL	1	32	+	-70.8554	7.35e-06	0.0401	QSEIPAFGDWETTGNTPYTQKFEDARKNKKTG
13		B4FE44_MAIZE	3	34	+	-70.8554	7.35e-06	0.0401	QPEIPAFGDWETTGNTPYTQKFEDARKNKKTG
20		A0A0E0IZU7_ORYNI	960	1009	+	-147.683	8.25e-06	0.797	EVPHAELADASRTSDSIDNRRRQRRSIEPSSFSRDRLSQPRKHSVASAVP
10		A0A453GU37_AEGTS	328	342	+	2.78571	8.6e-06	0.0872	LGEDDSEKLLLQRIP
10		A0A453GTZ9_AEGTS	328	342	+	2.78571	8.6e-06	0.0872	LGEDDSEKLLLQRIP
1		A0A0D9VKV0_9ORYZ	67	87	+	-35.2576	8.81e-06	0.0612	PVVAGGGKGLSAEAAADAAKI
3		A0A6G1C2U5_9ORYZ	61	81	+	-17	1.03e-05	0.0676	AGGVAAGGVETSGRLSFRGMV
16		A0A3B6RQF6_WHEAT	127	143	+	-0.986301	1.04e-05	0.481	SFFFTAVKAVDDDLYEV
9		A0A0E0LZX0_ORYPU	671	691	+	-2.91892	1.07e-05	0.0839	LASLEDLSMSKCSKLEQLPES
2		A0A0E0P3X2_ORYRU	25	53	+	-52.7879	1.12e-05	0.0576	LPSLFLLLLLLLSRERIRARSSVLRREGP
2		A0A0D3FRD2_9ORYZ	25	53	+	-52.7879	1.12e-05	0.0576	LPSLFLLLLLLLSRERIRARSSVLRREGP
2		A0A0E0GWI1_ORYNI	25	53	+	-52.7879	1.12e-05	0.0576	LPSLFLLLLLLLSRERIRARSSVLRREGP
2		A0A0D9ZFT3_9ORYZ	83	111	+	-52.7879	1.12e-05	0.0576	LPSLFLLLLLLLSRERIRARSSVLRREGP
13		A0A1B6PK98_SORBI	3	34	+	-73.1687	1.12e-05	0.0529	HPEIPAFGDWETTGNTPYTQKFEDARKNKKTG
17		A0A3L6Q3Z7_PANMI	18	53	+	-48.4471	1.19e-05	0.19	LLGKLHKQLSSPEHQLPGSLKDGIEHLKQDLEELTS
14		A0A6G1CAD2_9ORYZ	100	149	+	-149.141	1.21e-05	0.6	DCGRIGEFGASVRDARQRHEIYGLGRCTSRFTCVQIPAPNWKGTSLVGIE
10		A0A3L6PIH5_PANMI	330	344	+	1.54286	1.22e-05	0.114	LSIDDSRDLFFNTVF
11		A0A287XZS2_HORVV	375	393	+	-2.72059	1.26e-05	0.0556	LKNLRDLHLTYSLSLSSEH
11		A0A287XZY9_HORVV	589	607	+	-2.72059	1.26e-05	0.0556	LKNLRDLHLTYSLSLSSEH
11		A0A287Y046_HORVV	639	657	+	-2.72059	1.26e-05	0.0556	LKNLRDLHLTYSLSLSSEH
11		M0YWH3_HORVV	683	701	+	-2.72059	1.26e-05	0.0556	LKNLRDLHLTYSLSLSSEH
11		A0A287XZT2_HORVV	683	701	+	-2.72059	1.26e-05	0.0556	LKNLRDLHLTYSLSLSSEH
11		A0A287Y020_HORVV	730	748	+	-2.72059	1.26e-05	0.0556	LKNLRDLHLTYSLSLSSEH
11		A0A0E0IZU7_ORYNI	167	185	+	-3.11765	1.39e-05	0.0594	LPQLKVVSILGCAGVGKTA
13		I1I9V8_BRADI	3	34	+	-74.5783	1.45e-05	0.0529	QNGIPAWGNWDSTDNTPYTQKFENVRRTKKTG
7		A0A0D3GFF5_9ORYZ	209	229	+	-10.7969	1.51e-05	0.105	FKVHVESQSLAKQLMKLGERH
10		A0A0E0LZX0_ORYPU	282	296	+	0.0571429	1.82e-05	0.147	LSEGDCSTIFCQRAF
10		Pii-2	323	337	+	0.0571429	1.82e-05	0.147	LSEGDCSTIFCQRAF
11		C5YG55_SORBI	12	30	+	-4.23529	1.86e-05	0.0738	LPKFGEWDVKNPATSEGFT
11		A0A1D6DYY6_MAIZE	13	31	+	-4.23529	1.86e-05	0.0738	LPKFGEWDVKNPATSEGFT
12		A0A3L6PIH5_PANMI	528	542	+	-1.61111	1.88e-05	0.228	KVRRLSLSFSNAKYA
12		A0A3L6Q3Z7_PANMI	538	552	+	-1.61111	1.88e-05	0.228	KVRRLSLSFSNAKYA
16		A0A3L6PIH5_PANMI	75	91	+	-3.45205	1.94e-05	0.481	ELSYDVEDYVDSTMRPN
11		A0A6G1CAD2_9ORYZ	164	182	+	-4.98529	2.24e-05	0.0862	EPQLKVVSILGCGGIGKTA
17		A0A287Y059_HORVV	28	63	+	-52.3176	2.27e-05	0.19	VAVPRFGDWDESNASSSESFTHIFSRVRDDKSSDNH
17		A0A287XZS2_HORVV	860	895	+	-52.3176	2.27e-05	0.19	VAVPRFGDWDESNASSSESFTHIFSRVRDDKSSDNH
17		A0A287XZY9_HORVV	1077	1112	+	-52.3176	2.27e-05	0.19	VAVPRFGDWDESNASSSESFTHIFSRVRDDKSSDNH
17		A0A287Y046_HORVV	1125	1160	+	-52.3176	2.27e-05	0.19	VAVPRFGDWDESNASSSESFTHIFSRVRDDKSSDNH
17		A0A287XZT2_HORVV	1170	1205	+	-52.3176	2.27e-05	0.19	VAVPRFGDWDESNASSSESFTHIFSRVRDDKSSDNH
17		M0YWH3_HORVV	1170	1205	+	-52.3176	2.27e-05	0.19	VAVPRFGDWDESNASSSESFTHIFSRVRDDKSSDNH
17		A0A287Y020_HORVV	1217	1252	+	-52.3176	2.27e-05	0.19	VAVPRFGDWDESNASSSESFTHIFSRVRDDKSSDNH
8		A0A5J9VBS2_9POAL	338	358	+	-23	2.4e-05	0.157	AKRKANKSFLSKVYRCMFPVV
8		A0A5J9SDG6_9POAL	345	365	+	-23	2.4e-05	0.157	AKRKANKSFLSKVYRCMFPVV
10		A0A3L6Q3Z7_PANMI	219	233	+	-1.2	2.53e-05	0.193	SRVPDARRLLRSIIS
3		A0A0P0Y0X0_ORYSJ	152	172	+	-21.3077	2.54e-05	0.143	SGRLKRNLTALASSLGKLRKL
3		OsNOIc(Os11g0226400)	153	173	+	-21.3077	2.54e-05	0.143	SGRLKRNLTALASSLGKLRKL
3		A0A0E0IZU7_ORYNI	682	702	+	-21.3077	2.54e-05	0.143	SGRLKRNLTALASSLGKLRKL
5		C0HEN1_MAIZE	160	179	+	-11.8571	2.6e-05	0.181	KRLRVLKTSSSRAVCSLQKR
17		A0A1Z5R860_SORBI	16	51	+	-53.3059	2.67e-05	0.193	LKIKKAADTVKQNEGLCKQIISRVDVLSNSLSQHQN
17		A0A1Z5R8E6_SORBI	16	51	+	-53.3059	2.67e-05	0.193	LKIKKAADTVKQNEGLCKQIISRVDVLSNSLSQHQN
11		A0A0P0Y0X0_ORYSJ	91	109	+	-5.75	2.71e-05	0.0951	LPKLLHLRLRDVANLPDNI
11		OsNOIc(Os11g0226400)	92	110	+	-5.75	2.71e-05	0.0951	LPKLLHLRLRDVANLPDNI
11		A0A0E0IZU7_ORYNI	621	639	+	-5.75	2.71e-05	0.0951	LPKLLHLRLRDVANLPDNI
19		A0A0D9XCJ8_9ORYZ	687	727	+	-109.893	2.75e-05	0.804	LRVLDLSGCCIVELPDFISNLRHLRYLDVSYSRILSLSSQL
19		A0A0D9XCJ7_9ORYZ	687	727	+	-109.893	2.75e-05	0.804	LRVLDLSGCCIVELPDFISNLRHLRYLDVSYSRILSLSSQL
6		A0A0E0IZU7_ORYNI	891	919	+	-39.2647	2.8e-05	0.186	RFNIRWINCVEEEVSKISDLQGISSSSDE
13		A0A3L6PYJ8_PANMI	3	34	+	-78.2771	2.81e-05	0.0529	QSEIPAFGDWETTGNTPYTQKFEDARKNRTTG
13		A0A2T7CTV3_9POAL	3	34	+	-78.2771	2.81e-05	0.0529	QSEIPAFGDWETTGNTPYTQKFEDARKNRTTG
16		A0A0E0IZU7_ORYNI	76	92	+	-5	2.82e-05	0.481	DLSYDIEDYIDNTMDSC
15		A0A1E5WLY1_9POAL	69	89	+	-41.9867	3e-05	1	RNNASSHTILRKLNELCNAEE
19		A0A0E0LZX0_ORYPU	675	715	+	-110.493	3.04e-05	0.804	EDLSMSKCSKLEQLPESLGDLCYLRSFNLSGCSGLKMLPES
19		Pii-2	716	756	+	-110.493	3.04e-05	0.804	ENLNMSKCSKLEQLPESLGDLCYLRSFNLSGCSGLKMLPES
8		A0A0D3GFF5_9ORYZ	263	283	+	-24.2267	3.07e-05	0.19	TEDERDSYLEDARNRSGSNTD
13		A0A0D9ZJS7_9ORYZ	3	34	+	-79	3.19e-05	0.0529	QPDIPAFGNWDTTGNTPYTQKFENARKNKKTG
13		A0A194YN60_SORBI	16	47	+	-79.012	3.19e-05	0.0529	WDAENIGYTVFFEKVRDNKAPPAPAPKPSASG
9		A0A0D9XCJ7_9ORYZ	849	869	+	-7.41892	3.22e-05	0.216	LFYLRSLNLSSCSGLRMLPES
9		A0A0D9XCJ8_9ORYZ	849	869	+	-7.41892	3.22e-05	0.216	LFYLRSLNLSSCSGLRMLPES
11		A0A3L6PIH5_PANMI	657	675	+	-6.72059	3.44e-05	0.117	MPNLRRLKLEFNAHSGEQY
13		A0A3L6Q7J5_PANMI	3	34	+	-79.5783	3.52e-05	0.0529	QSDIPAFGDWETTGNTPYTQKFEDARKNRTAG
14		A0A3L6Q3Z7_PANMI	356	405	+	-156.094	3.61e-05	0.736	SKPDLSEQLKKHSEDIIRKCSGLPLATTIIASVLACQPDNPELWSHVKEC
13		A0A1Z5R8E6_SORBI	181	212	+	-79.8193	3.67e-05	0.0529	EHNIPAFGDWDYSMTKKPVVSTDDVVSEWDSS
13		A0A1Z5R860_SORBI	204	235	+	-79.8193	3.67e-05	0.0529	EHNIPAFGDWDYSMTKKPVVSTDDVVSEWDSS
6		A0A3B6FZ16_WHEAT	108	136	+	-40.8235	3.7e-05	0.232	RPDCSMLPSFLTDPSPRTPWWRIAPATTA
14		A0A1E5VM01_9POAL	319	368	+	-156.271	3.74e-05	0.736	AAQGFTVQFEKVKRHREEARTAPAPPVQPPQMLPPDHASAAAAAEAGARR
9		A0A0D9XCJ7_9ORYZ	801	821	+	-8.10811	3.79e-05	0.216	LHELRFLDLSSCTDLQELPYL
9		A0A0D9XCJ8_9ORYZ	801	821	+	-8.10811	3.79e-05	0.216	LHELRFLDLSSCTDLQELPYL
17		A0A3L6PIH5_PANMI	16	51	+	-55.5176	3.81e-05	0.255	LLGKLHTQLTSPEHQLPESLKDGIEHLKQDLQELNS
13		A0A2T7EGG3_9POAL	176	207	+	-80.0964	3.85e-05	0.0529	RVVRPVDEDLYQVTSPEFVVSTRRPRQKRAAR
13		A0A0E0KPL8_ORYPU	3	34	+	-80.3012	3.99e-05	0.0529	QPDIPAFGNWDSTGNTPYTQKFENARKNKKAG
13		A0A0E0DD96_9ORYZ	3	34	+	-80.3012	3.99e-05	0.0529	QPDIPAFGNWDTTGNTPYTQKFENARKNKKAG
13		A0A0E0P840_ORYRU	3	34	+	-80.3012	3.99e-05	0.0529	QPDIPAFGNWDTTGNTPYTQKFENARKNKKAG
13		A0A0D3FUY9_9ORYZ	3	34	+	-80.3012	3.99e-05	0.0529	QPDIPAFGNWDTTGNTPYTQKFENARKNKKAG
13		A0A0E0KPL9_ORYPU	3	34	+	-80.3012	3.99e-05	0.0529	QPDIPAFGNWDSTGNTPYTQKFENARKNKKAG
13		Os04g0379600(OsRIN4d)	3	34	+	-80.3012	3.99e-05	0.0529	QPDIPAFGNWDTTGNTPYTQKFENARKNKKAG
13		Q0JDT2_ORYSJ	3	34	+	-80.3012	3.99e-05	0.0529	QPDIPAFGNWDTTGNTPYTQKFENARKNKKAG
16		A0A453GU37_AEGTS	75	91	+	-6.46575	3.99e-05	0.481	ELSYDMADCADHFIRAK
16		A0A453GTZ9_AEGTS	75	91	+	-6.46575	3.99e-05	0.481	ELSYDMADCADHFIRAK
9		A0A453GU18_AEGTS	185	205	+	-8.36486	4.02e-05	0.216	LFWLRYLQVTCNVIIKLPDQI
9		A0A453GTZ9_AEGTS	592	612	+	-8.36486	4.02e-05	0.216	LFWLRYLQVTCNVIIKLPDQI
9		A0A453GU37_AEGTS	592	612	+	-8.36486	4.02e-05	0.216	LFWLRYLQVTCNVIIKLPDQI
17		A0A453GU37_AEGTS	16	51	+	-56.1647	4.22e-05	0.255	LKRKLDELLATRHWALRGAVTDEIEQLAADLRTLHD
17		A0A453GTZ9_AEGTS	16	51	+	-56.1647	4.22e-05	0.255	LKRKLDELLATRHWALRGAVTDEIEQLAADLRTLHD
8		A0A1D6H320_MAIZE	49	69	+	-25.8667	4.24e-05	0.238	GKGKAKRSFMSRIYRCLFPRV
8		A0A1D6H323_MAIZE	333	353	+	-25.8667	4.24e-05	0.238	GKGKAKRSFMSRIYRCLFPRV
4		A0A0D9XCJ8_9ORYZ	381	395	+	-12.0159	4.29e-05	0.326	SLIVLDGLFSTEENQ
4		A0A0D9XCJ7_9ORYZ	381	395	+	-12.0159	4.29e-05	0.326	SLIVLDGLFSTEENQ
13		B8AT18_ORYSI	3	34	+	-80.8554	4.39e-05	0.0529	QPDIPAFGNWDTTGNTPYKQKFENARKNKKAG
13		A0A0E0IJ88_ORYNI	3	34	+	-80.8554	4.39e-05	0.0529	QPDIPAFGNWDTTGNTPYKQKFENARKNKKAG
13		A0A0E0IJ87_ORYNI	19	50	+	-80.8554	4.39e-05	0.0529	QPDIPAFGNWDTTGNTPYKQKFENARKNKKAG
12		A0A453GU37_AEGTS	353	367	+	-4.93056	4.42e-05	0.385	VLPQIKRNCGGLPLA
12		A0A453GTZ9_AEGTS	353	367	+	-4.93056	4.42e-05	0.385	VLPQIKRNCGGLPLA
20		A0A0E0DXI1_9ORYZ	386	435	+	-157.183	4.48e-05	0.879	EEFQAEVRRVVEEKGFYEVDESYFANQAEIQAQLKEGWAKIDWGDIVFAD
14		A0A453GTZ9_AEGTS	53	102	+	-157.106	4.48e-05	0.736	LAKLSNAQDPPVAARYWMKDVRELSYDMADCADHFIRAKIHRAARRKIIA
14		A0A453GU37_AEGTS	53	102	+	-157.106	4.48e-05	0.736	LAKLSNAQDPPVAARYWMKDVRELSYDMADCADHFIRAKIHRAARRKIIA
12		A0A3L6PIH5_PANMI	408	422	+	-5	4.5e-05	0.385	LKEIIGLSYYSLSQQ
12		A0A3L6Q3Z7_PANMI	418	432	+	-5	4.5e-05	0.385	LKEIIGLSYYSLSQQ
16		M7ZZ64_TRIUA	129	145	+	-7.13699	4.67e-05	0.481	PFSFTAVKAVDDDLYEV
16		A0A446YUB0_TRITD	129	145	+	-7.13699	4.67e-05	0.481	PFSFTAVKAVDDDLYEV
10		Pii-2	680	694	+	-3.68571	4.79e-05	0.343	MLPPNLWKLHELRIL
16		A0A287Y046_HORVV	31	47	+	-7.24658	4.79e-05	0.481	ELSYDTADCADQFVRAV
16		M0YWH3_HORVV	75	91	+	-7.24658	4.79e-05	0.481	ELSYDTADCADQFVRAV
16		A0A287XZT2_HORVV	75	91	+	-7.24658	4.79e-05	0.481	ELSYDTADCADQFVRAV
16		A0A287Y020_HORVV	122	138	+	-7.24658	4.79e-05	0.481	ELSYDTADCADQFVRAV
17		A0A0D9VKV0_9ORYZ	117	152	+	-57	4.82e-05	0.266	PSLSHLDHLLPEKSEEETRFAARYKKVFDKLEKMQA
11		A0A0D3GFF5_9ORYZ	772	790	+	-8.16176	4.86e-05	0.139	LQNLRSLRCSRRSGSGYFS
17		A0A0E0IZU7_ORYNI	348	383	+	-57.1059	4.9e-05	0.266	LGIINIARLLASEVDNLELWHHVQKHLSSSMATNHT
6		A0A0P0Y0X0_ORYSJ	361	389	+	-42.4412	4.91e-05	0.278	RFNIRWINCVEEDVRVSKISDLQGISSSS
6		OsNOIc(Os11g0226400)	362	390	+	-42.4412	4.91e-05	0.278	RFNIRWINCVEEDVRVSKISDLQGISSSS
13		A0A0D9XCJ8_9ORYZ	183	214	+	-81.7229	5.09e-05	0.0529	HIASGIEDMLDEFEDSSDAGSQRDGSFITEAT
13		A0A0D9XCJ7_9ORYZ	183	214	+	-81.7229	5.09e-05	0.0529	HIASGIEDMLDEFEDSSDAGSQRDGSFITEAT
9		A0A0D9XCJ7_9ORYZ	825	845	+	-9.39189	5.09e-05	0.25	LGSLEDLNMSKCSKLAQLPES
9		A0A0D9XCJ8_9ORYZ	825	845	+	-9.39189	5.09e-05	0.25	LGSLEDLNMSKCSKLAQLPES
13		A0A446YD00_TRITD	97	128	+	-81.8554	5.2e-05	0.0529	GRAGGGGYSVEQSPAPSPLHPYGQSRAEYSDG
13		A0A453RM08_AEGTS	98	129	+	-81.8554	5.2e-05	0.0529	GRAGGGGYSVEQSPAPSPLHPYGQSRAEYSDG
13		A0A3B6TQ93_WHEAT	114	145	+	-81.8554	5.2e-05	0.0529	GRAGGGGYSVEQSPAPSPLHPYGQSRAEYSDG
13		A0A3B6TIS4_WHEAT	116	147	+	-81.8554	5.2e-05	0.0529	GRAGGGGYSVEQSPAPSPLHPYGQSRAEYSDG
13		A0A446YD36_TRITD	116	147	+	-81.8554	5.2e-05	0.0529	GRAGGGGYSVEQSPAPSPLHPYGQSRAEYSDG
13		A0A453RME7_AEGTS	116	147	+	-81.8554	5.2e-05	0.0529	GRAGGGGYSVEQSPAPSPLHPYGQSRAEYSDG
13		A0A453RM55_AEGTS	116	147	+	-81.8554	5.2e-05	0.0529	GRAGGGGYSVEQSPAPSPLHPYGQSRAEYSDG
13		A0A3B6SI25_WHEAT	116	147	+	-81.8554	5.2e-05	0.0529	GRAGGGGYSVEQSPAPSPLHPYGQSRAEYSDG
13		A0A3B6RES2_WHEAT	116	147	+	-81.8554	5.2e-05	0.0529	GRAGGGGYSVEQSPGPSPLHPYGQSRAEYSDG
13		A0A446YCV1_TRITD	116	147	+	-81.8554	5.2e-05	0.0529	GRAGGGGYSVEQSPAPSPLHPYGQSRAEYSDG
13		A0A446XDG0_TRITD	116	147	+	-81.8554	5.2e-05	0.0529	GRAGGGGYSVEQSPGPSPLHPYGQSRAEYSDG
13		A0A446XDE7_TRITD	116	147	+	-81.8554	5.2e-05	0.0529	GRAGGGGYSVEQSPGPSPLHPYGQSRAEYSDG
13		A0A446XDD6_TRITD	116	147	+	-81.8554	5.2e-05	0.0529	GRAGGGGYSVEQSPGPSPLHPYGQSRAEYSDG
13		A0A446XDC0_TRITD	116	147	+	-81.8554	5.2e-05	0.0529	GRAGGGGYSVEQSPGPSPLHPYGQSRAEYSDG
13		A0A446YCV2_TRITD	116	147	+	-81.8554	5.2e-05	0.0529	GRAGGGGYSVEQSPAPSPLHPYGQSRAEYSDG
13		A0A3B6SIZ0_WHEAT	116	147	+	-81.8554	5.2e-05	0.0529	GRAGGGGYSVEQSPAPSPLHPYGQSRAEYSDG
13		A0A446XDE5_TRITD	119	150	+	-81.8554	5.2e-05	0.0529	GRAGGGGYSVEQSPGPSPLHPYGQSRAEYSDG
13		A0A3B6RI71_WHEAT	119	150	+	-81.8554	5.2e-05	0.0529	GRAGGGGYSVEQSPGPSPLHPYGQSRAEYSDG
13		A0A446XDF9_TRITD	119	150	+	-81.8554	5.2e-05	0.0529	GRAGGGGYSVEQSPGPSPLHPYGQSRAEYSDG
12		A0A5J9SD26_9POAL	161	175	+	-5.61111	5.23e-05	0.385	GRSKLRSSGHGDETP
13		A0A5J9TR98_9POAL	1	32	+	-81.9639	5.3e-05	0.0529	MADIPAFGDWETTGNTPYTRKFEDARKNKKTG
13		A0A0D9VG81_9ORYZ	3	34	+	-81.9759	5.31e-05	0.0529	QHGVPVFGDWSAAGDTPYTQKFENLRRSKKTG
10		A0A6G1CAD2_9ORYZ	783	797	+	-4.12857	5.34e-05	0.361	QQSTEETIVFNRKAF
12		A0A0E0LZX0_ORYPU	370	384	+	-5.72222	5.37e-05	0.385	MPSALKSCFAYLSTI
12		Pii-2	411	425	+	-5.72222	5.37e-05	0.385	MPSALKSCFAYLSTI
19		J3N7U9_ORYBR	74	114	+	-113.96	5.38e-05	1	QRKGEARQGRRIRRVPDVGPNAASKVYYISVVDDDDLYEIT
7		A0A453GU18_AEGTS	159	179	+	-16.5781	5.41e-05	0.319	KLLRVLVLHFWGDIGNTSFSL
7		A0A453GU37_AEGTS	566	586	+	-16.5781	5.41e-05	0.319	KLLRVLVLHFWGDIGNTSFSL
7		A0A453GTZ9_AEGTS	566	586	+	-16.5781	5.41e-05	0.319	KLLRVLVLHFWGDIGNTSFSL
20		K3XZA1_SETIT	154	203	+	-158.024	5.43e-05	0.879	FTVQFENVKRHREVARTAVPAVPRAPSPPEGAAARRAHHQKTPFVSKMFG
20		A0A4U6VDV8_SETVI	205	254	+	-158.024	5.43e-05	0.879	FTVQFENVKRHREVARTAVPAVPRAPSPPEGAAARRAHHQKTPFVSKMFG
20		A0A0E0DXI1_9ORYZ	202	251	+	-158.049	5.46e-05	0.879	EEFQAEVRREVEEKGFYEVDEIYYADQAEMQAQLKEGWAKIDWSDVVCAD
20		A0A0D3HNT0_9ORYZ	582	631	+	-158.049	5.46e-05	0.879	EEFQAEVRREVEEKGFYEVDESYYADQAEMQAQLKEGWAKIDWSDVVCAD
9		A0A6G1CAD2_9ORYZ	573	593	+	-9.78378	5.57e-05	0.263	LFQLRYVQVTTDMIVKLPATI
2		A0A3L6S103_PANMI	257	285	+	-62.1667	5.6e-05	0.275	HKPPFVSKVRDNASHPVTTGRLVRRSIAD
3		A0A453GU43_AEGTS	13	33	+	-25.4	5.75e-05	0.271	SEDVPYTPVVVGARKNKKTGI
3		A0A453GU18_AEGTS	686	706	+	-25.4	5.75e-05	0.271	SEDVPYTPVVVGARKNKKTGI
3		A0A453GTZ9_AEGTS	1090	1110	+	-25.4	5.75e-05	0.271	SEDVPYTPVVVGARKNKKTGI
3		A0A453GU37_AEGTS	1093	1113	+	-25.4	5.75e-05	0.271	SEDVPYTPVVVGARKNKKTGI
11		A0A3L6PIH5_PANMI	596	614	+	-9	5.91e-05	0.139	LLQLRRDDVNRIAGLKELT
5		J3MUL6_ORYBR	134	153	+	-15.7714	6.1e-05	0.402	DTTVPVVKTRNQREALILVG
14		A0A0D9XCJ8_9ORYZ	458	507	+	-158.412	6.16e-05	0.736	RLTEIAKQIVKRCEGIPVVAYSLGSMVRNKDEDAWLYARDKELWELPKIF
14		A0A0D9XCJ7_9ORYZ	458	507	+	-158.412	6.16e-05	0.736	RLTEIAKQIVKRCEGIPVVAYSLGSMVRNKDEDAWLYARDKELWELPKIF
11		A0A287Y059_HORVV	30	48	+	-9.23529	6.25e-05	0.139	VPRFGDWDESNASSSESFT
11		A0A287XZS2_HORVV	862	880	+	-9.23529	6.25e-05	0.139	VPRFGDWDESNASSSESFT
11		A0A287XZY9_HORVV	1079	1097	+	-9.23529	6.25e-05	0.139	VPRFGDWDESNASSSESFT
11		A0A287Y046_HORVV	1127	1145	+	-9.23529	6.25e-05	0.139	VPRFGDWDESNASSSESFT
11		M0YWH3_HORVV	1172	1190	+	-9.23529	6.25e-05	0.139	VPRFGDWDESNASSSESFT
11		A0A287XZT2_HORVV	1172	1190	+	-9.23529	6.25e-05	0.139	VPRFGDWDESNASSSESFT
11		A0A287Y020_HORVV	1219	1237	+	-9.23529	6.25e-05	0.139	VPRFGDWDESNASSSESFT
13		A0A0E0GWI2_ORYNI	126	157	+	-82.9518	6.26e-05	0.0529	VPKFGEWDEKDPSTGEGFTDIFEKVREEKQSG
13		A0A453MI29_AEGTS	145	176	+	-82.9518	6.26e-05	0.0529	VPKFGDWDEKDPSTGEGFTDIFEKVREEKQSG
13		A0A453MI20_AEGTS	145	176	+	-82.9518	6.26e-05	0.0529	VPKFGDWDEKDPSTGEGFTDIFEKVREEKQSG
13		A0A287SZG7_HORVV	146	177	+	-82.9518	6.26e-05	0.0529	VPKFGDWDEKDPSTGEGFTDIFEKVREEKQSG
13		A0A287SZD3_HORVV	146	177	+	-82.9518	6.26e-05	0.0529	VPKFGDWDEKDPSTGEGFTDIFEKVREEKQSG
13		A0A0D9W1D2_9ORYZ	149	180	+	-82.9518	6.26e-05	0.0529	VPKFGEWDEKDPSTGEGFTDIFEKVREEKQSG
13		A0A0E0D9K0_9ORYZ	168	199	+	-82.9518	6.26e-05	0.0529	VPKFGEWDEKDPSTGEGFTDIFEKVREEKQSG
13		A0A446UXB3_TRITD	171	202	+	-82.9518	6.26e-05	0.0529	VPKFGDWDEKDPSTGEGFTDIFEKVREEKQSG
13		A0A3B6LYM4_WHEAT	171	202	+	-82.9518	6.26e-05	0.0529	VPKFGDWDEKDPSTGEGFTDIFEKVREEKQSG
13		A0A3B6LYE7_WHEAT	172	203	+	-82.9518	6.26e-05	0.0529	VPKFGDWDEKDPSTGEGFTDIFEKVREEKQSG
13		A0A3B6N2V2_WHEAT	172	203	+	-82.9518	6.26e-05	0.0529	VPKFGDWDEKDPSTGEGFTDIFEKVREEKQSG
13		A0A446UXD2_TRITD	172	203	+	-82.9518	6.26e-05	0.0529	VPKFGDWDEKDPSTGEGFTDIFEKVREEKQSG
13		B4G0G9_MAIZE	172	203	+	-82.9518	6.26e-05	0.0529	VPKFGEWDEKDPSTGEGFTDIFNKVREEKQSG
13		A0A446UXC9_TRITD	172	203	+	-82.9518	6.26e-05	0.0529	VPKFGDWDEKDPSTGEGFTDIFEKVREEKQSG
13		A0A446UX96_TRITD	172	203	+	-82.9518	6.26e-05	0.0529	VPKFGDWDEKDPSTGEGFTDIFEKVREEKQSG
13		A0A3B6LYF7_WHEAT	173	204	+	-82.9518	6.26e-05	0.0529	VPKFGDWDEKDPSTGEGFTDIFEKVREEKQSG
13		A0A446UXD9_TRITD	173	204	+	-82.9518	6.26e-05	0.0529	VPKFGDWDEKDPSTGEGFTDIFEKVREEKQSG
13		A0A453MI38_AEGTS	173	204	+	-82.9518	6.26e-05	0.0529	VPKFGDWDEKDPSTGEGFTDIFEKVREEKQSG
13		A0A3B6N3Q6_WHEAT	173	204	+	-82.9518	6.26e-05	0.0529	VPKFGDWDEKDPSTGEGFTDIFEKVREEKQSG
13		A0A453MI25_AEGTS	173	204	+	-82.9518	6.26e-05	0.0529	VPKFGDWDEKDPSTGEGFTDIFEKVREEKQSG
13		J3LUR1_ORYBR	173	204	+	-82.9518	6.26e-05	0.0529	VPKFGEWDEKDPSTGEGFTDIFEKVREEKQSG
13		F2CW07_HORVV	173	204	+	-82.9518	6.26e-05	0.0529	VPKFGDWDEKDPSTGEGFTDIFEKVREEKQSG
13		A0A287SZE6_HORVV	173	204	+	-82.9518	6.26e-05	0.0529	VPKFGDWDEKDPSTGEGFTDIFEKVREEKQSG
13		A0A3B6I233_WHEAT	173	204	+	-82.9518	6.26e-05	0.0529	VPKFGDWDEKDPSTGEGFTDIFEKVREEKQSG
13		A0A446RDR1_TRITD	173	204	+	-82.9518	6.26e-05	0.0529	VPKFGDWDEKDPSTGEGFTDIFEKVREEKQSG
13		M8A0J6_TRIUA	174	205	+	-82.9518	6.26e-05	0.0529	VPKFGDWDEKDPSTGEGFTDIFEKVREEKQSG
13		A0A3B6I2X6_WHEAT	174	205	+	-82.9518	6.26e-05	0.0529	VPKFGDWDEKDPSTGEGFTDIFEKVREEKQSG
13		A0A4U6SNT9_SETVI	174	205	+	-82.9518	6.26e-05	0.0529	VPKFGEWDEKDPSTGEGFTDIFNKVREEKQSG
13		A0A0D3FRD3_9ORYZ	175	206	+	-82.9518	6.26e-05	0.0529	VPKFGEWDEKDPSTGEGFTDIFEKVREEKQSG
13		A0A0E0D9J9_9ORYZ	175	206	+	-82.9518	6.26e-05	0.0529	VPKFGEWDEKDPSTGEGFTDIFEKVREEKQSG
13		A0A0E0GWI3_ORYNI	175	206	+	-82.9518	6.26e-05	0.0529	VPKFGEWDEKDPSTGEGFTDIFEKVREEKQSG
13		A0A0E0P3X3_ORYRU	175	206	+	-82.9518	6.26e-05	0.0529	VPKFGEWDEKDPSTGEGFTDIFEKVREEKQSG
13		A0A0E0KLJ7_ORYPU	175	206	+	-82.9518	6.26e-05	0.0529	VPKFGEWDEKDPSTGEGFTDIFEKVREEKQSG
13		A0A4U6SP56_SETVI	175	206	+	-82.9518	6.26e-05	0.0529	VPKFGEWDEKDPSTGEGFTDIFNKVREEKQSG
13		K4AEF0_SETIT	175	206	+	-82.9518	6.26e-05	0.0529	VPKFGEWDEKDPSTGEGFTDIFNKVREEKQSG
13		A0A0E0D9J8_9ORYZ	176	207	+	-82.9518	6.26e-05	0.0529	VPKFGEWDEKDPSTGEGFTDIFEKVREEKQSG
13		Q852C9_ORYSJ	176	207	+	-82.9518	6.26e-05	0.0529	VPKFGEWDEKDPSTGEGFTDIFEKVREEKQSG
13		B8ANS8_ORYSI	176	207	+	-82.9518	6.26e-05	0.0529	VPKFGEWDEKDPSTGEGFTDIFEKVREEKQSG
13		A0A0E0KLJ6_ORYPU	176	207	+	-82.9518	6.26e-05	0.0529	VPKFGEWDEKDPSTGEGFTDIFEKVREEKQSG
13		A0A6G1DJE7_9ORYZ	176	207	+	-82.9518	6.26e-05	0.0529	VPKFGEWDEKDPSTGEGFTDIFEKVREEKQSG
13		Os03g0848600(OsRIN4c)	176	207	+	-82.9518	6.26e-05	0.0529	VPKFGEWDEKDPSTGEGFTDIFEKVREEKQSG
13		A0A453MHR0_AEGTS	176	207	+	-82.9518	6.26e-05	0.0529	VPKFGDWDEKDPSTGEGFTDIFEKVREEKQSG
13		A0A0Q3RFV2_BRADI	176	207	+	-82.9518	6.26e-05	0.0529	VPKFGEWDEKDPSTGEGFTDIFDKVREEKQSG
13		A0A1Z5S3S9_SORBI	179	210	+	-82.9518	6.26e-05	0.0529	VPKFGEWDEKDPSTGEGFTDIFNKVREEKQSG
13		A0A453MI16_AEGTS	179	210	+	-82.9518	6.26e-05	0.0529	VPKFGDWDEKDPSTGEGFTDIFEKVREEKQSG
13		A0A1B6QGS5_SORBI	180	211	+	-82.9518	6.26e-05	0.0529	VPKFGEWDEKDPSTGEGFTDIFNKVREEKQSG
13		A0A2T7BYB6_9POAL	180	211	+	-82.9518	6.26e-05	0.0529	VPKFGEWDEKDPSTGEGFTDIFNKVREEKQSG
13		A0A5J9SD26_9POAL	181	212	+	-82.9518	6.26e-05	0.0529	VPKFGEWDEKDPSTGEGFTDIFNKVREEKQSG
13		A0A446RD92_TRITD	186	217	+	-82.9518	6.26e-05	0.0529	VPKFGDWDEKDPSTGEGFTDIFEKVREEKQSG
13		A0A446RD83_TRITD	186	217	+	-82.9518	6.26e-05	0.0529	VPKFGDWDEKDPSTGEGFTDIFEKVREEKQSG
13		A0A0Q3GLT6_BRADI	187	218	+	-82.9518	6.26e-05	0.0529	VPKFGEWDEKDPSTGEGFTDIFDKVREEKQSG
13		A0A446RDB8_TRITD	191	222	+	-82.9518	6.26e-05	0.0529	VPKFGDWDEKDPSTGEGFTDIFEKVREEKQSG
13		A0A446RD86_TRITD	191	222	+	-82.9518	6.26e-05	0.0529	VPKFGDWDEKDPSTGEGFTDIFEKVREEKQSG
13		A0A804P626_MAIZE	197	228	+	-82.9518	6.26e-05	0.0529	VPKFGEWDEKDPSTGEGFTDIFNKVREEKQSG
13		A0A3L6SIG7_PANMI	201	232	+	-82.9518	6.26e-05	0.0529	VPKFGEWDEKDPSTGEGFTDIFNKVREEKQSG
13		A0A1B6QGT4_SORBI	205	236	+	-82.9518	6.26e-05	0.0529	VPKFGEWDEKDPSTGEGFTDIFNKVREEKQSG
13		A0A0E0P3X2_ORYRU	231	262	+	-82.9518	6.26e-05	0.0529	VPKFGEWDEKDPSTGEGFTDIFEKVREEKQSG
13		A0A0D3FRD2_9ORYZ	231	262	+	-82.9518	6.26e-05	0.0529	VPKFGEWDEKDPSTGEGFTDIFEKVREEKQSG
13		A0A0E0GWI1_ORYNI	231	262	+	-82.9518	6.26e-05	0.0529	VPKFGEWDEKDPSTGEGFTDIFEKVREEKQSG
13		A0A0D9ZFT4_9ORYZ	233	264	+	-82.9518	6.26e-05	0.0529	VPKFGEWDEKDPSTGEGFTDIFEKVREEKQSG
13		I1GKW3_BRADI	254	285	+	-82.9518	6.26e-05	0.0529	VPKFGEWDEKDPSTGEGFTDIFDKVREEKQSG
13		A0A3B6LX54_WHEAT	266	297	+	-82.9518	6.26e-05	0.0529	VPKFGDWDEKDPSTGEGFTDIFEKVREEKQSG
13		A0A3B6LYG7_WHEAT	267	298	+	-82.9518	6.26e-05	0.0529	VPKFGDWDEKDPSTGEGFTDIFEKVREEKQSG
13		A0A0D9ZFT3_9ORYZ	289	320	+	-82.9518	6.26e-05	0.0529	VPKFGEWDEKDPSTGEGFTDIFEKVREEKQSG
13		A0A287SZB3_HORVV	335	366	+	-82.9518	6.26e-05	0.0529	VPKFGDWDEKDPSTGEGFTDIFEKVREEKQSG
13		M0WDR8_HORVV	335	366	+	-82.9518	6.26e-05	0.0529	VPKFGDWDEKDPSTGEGFTDIFEKVREEKQSG
18		J3LKF5_ORYBR	160	192	+	-91.7901	6.53e-05	0.904	DHIVPYSKGGKSTLENCQLLQATVNRSKGNKTE
18		A0A0D9VQ07_9ORYZ	201	233	+	-91.7901	6.53e-05	0.904	DHIVPYSKGGKSTLENCQVLQATVNRSKGNKTE
16		A0A0D9XCJ7_9ORYZ	183	199	+	-8.64384	6.61e-05	0.554	HIASGIEDMLDEFEDSS
16		A0A0D9XCJ8_9ORYZ	183	199	+	-8.64384	6.61e-05	0.554	HIASGIEDMLDEFEDSS
14		A0A0D9WPV2_9ORYZ	42	91	+	-158.729	6.65e-05	0.736	EIQWIDLFLNSVPSFRQRAENDPTVPDAPAKAEKFAQRYTAMLEELKKNP
2		A0A453GU18_AEGTS	255	283	+	-63.2424	6.67e-05	0.29	RTLMYFDLGSSSEDNLWELGELTNLWVLH
2		A0A453GU37_AEGTS	662	690	+	-63.2424	6.67e-05	0.29	RTLMYFDLGSSSEDNLWELGELTNLWVLH
2		A0A453GTZ9_AEGTS	662	690	+	-63.2424	6.67e-05	0.29	RTLMYFDLGSSSEDNLWELGELTNLWVLH
19		A0A0D3GFF5_9ORYZ	796	836	+	-115.493	6.84e-05	1	KECLMITMCLPMVFSTSINFSDRVKLIPEICMSCSTRWSDT
12		A0A0E0IZU7_ORYNI	388	402	+	-6.72222	6.85e-05	0.463	LRNIVRLCYRCLPCR
18		A0A5J9WLL9_9POAL	227	259	+	-92.0988	6.88e-05	0.904	DHIVPYSKGGKSTLENCQVLQASVNRSKGNKTE
16		A0A0E0DXI9_9ORYZ	8	24	+	-8.83562	6.9e-05	0.554	PKAATTVEVSDEEEVKA
11		A0A6G1CAD2_9ORYZ	618	636	+	-9.67647	6.92e-05	0.139	LPKLLHFRLRDVTNLPDNI
4		A0A0E0IZU7_ORYNI	236	250	+	-14.2063	7.05e-05	0.505	VQDLIDNIRDHIQDK
2		A0A0D9WSE1_9ORYZ	22	50	+	-63.6364	7.11e-05	0.298	SRSCFLSLSSLLGKERELATELAVAVAVV
17		A0A0D9VKV0_9ORYZ	124	159	+	-59.6824	7.32e-05	0.379	HLLPEKSEEETRFAARYKKVFDKLEKMQAEIREGID
18		A0A287Y046_HORVV	27	59	+	-92.4691	7.32e-05	0.904	KDVRELSYDTADCADQFVRAVGRAKIHRAARRK
18		M0YWH3_HORVV	71	103	+	-92.4691	7.32e-05	0.904	KDVRELSYDTADCADQFVRAVGRAKIHRAARRK
18		A0A287XZT2_HORVV	71	103	+	-92.4691	7.32e-05	0.904	KDVRELSYDTADCADQFVRAVGRAKIHRAARRK
18		A0A287Y020_HORVV	118	150	+	-92.4691	7.32e-05	0.904	KDVRELSYDTADCADQFVRAVGRAKIHRAARRK
18		A0A453GU37_AEGTS	71	103	+	-92.4938	7.35e-05	0.904	KDVRELSYDMADCADHFIRAKIHRAARRKIIAR
18		A0A453GTZ9_AEGTS	71	103	+	-92.4938	7.35e-05	0.904	KDVRELSYDMADCADHFIRAKIHRAARRKIIAR
20		A0A0D3HNT0_9ORYZ	188	237	+	-159.293	7.47e-05	0.939	EEFQAEVRRDVENNGCYMVDESYLAESAEFQRELKEGWAKIDFSGVIVGE
11		A0A3L6Q3Z7_PANMI	697	715	+	-10.0294	7.5e-05	0.139	MTNLHDLHITCCTALSDHL
11		A2XXP2_ORYSI	7	25	+	-10.0588	7.55e-05	0.139	LPKFGEWDVKNPASAEGFT
11		J3M1I4_ORYBR	9	27	+	-10.0588	7.55e-05	0.139	LPKFGEWDVKNPASAEGFT
11		A0A2K2CIN6_BRADI	9	27	+	-10.0588	7.55e-05	0.139	LPKFGEWDVKNPASAEGFT
11		A0A6G1BW03_9ORYZ	9	27	+	-10.0588	7.55e-05	0.139	LPKFGEWDVKNPASAEGFT
11		A0A0E0H649_ORYNI	10	28	+	-10.0588	7.55e-05	0.139	LPKFGEWDVKNPASAEGFT
11		A0A0E0PE77_ORYRU	10	28	+	-10.0588	7.55e-05	0.139	LPKFGEWDVKNPASAEGFT
11		Q7XS34_ORYSJ	10	28	+	-10.0588	7.55e-05	0.139	LPKFGEWDVKNPASAEGFT
11		OsNOIa(Os04g0620600)	10	28	+	-10.0588	7.55e-05	0.139	LPKFGEWDVKNPASAEGFT
11		A0A0D3G0G9_9ORYZ	10	28	+	-10.0588	7.55e-05	0.139	LPKFGEWDVKNPASAEGFT
11		A0A0D9ZQV0_9ORYZ	10	28	+	-10.0588	7.55e-05	0.139	LPKFGEWDVKNPASAEGFT
11		A0A0E0DIJ1_9ORYZ	10	28	+	-10.0588	7.55e-05	0.139	LPKFGEWDVKNPASAEGFT
11		I1J1Y1_BRADI	11	29	+	-10.0588	7.55e-05	0.139	LPKFGEWDVKNPASAEGFT
11		A0A453GU18_AEGTS	276	294	+	-10.0588	7.55e-05	0.139	LTNLWVLHLTYSSSLSCEH
11		A0A453GU37_AEGTS	683	701	+	-10.0588	7.55e-05	0.139	LTNLWVLHLTYSSSLSCEH
11		A0A453GTZ9_AEGTS	683	701	+	-10.0588	7.55e-05	0.139	LTNLWVLHLTYSSSLSCEH
12		K4AEF0_SETIT	155	169	+	-7.19444	7.67e-05	0.491	GRSKMRSSGHGDETP
11		A0A0E0LZX0_ORYPU	719	737	+	-10.1471	7.71e-05	0.139	LTNLEYINLSNIGESIDFN
11		Pii-2	760	778	+	-10.1471	7.71e-05	0.139	LTNLEYINLSNIGESIDFN
11		A0A0D9XCJ7_9ORYZ	873	891	+	-10.1471	7.71e-05	0.139	LTNLEYINLSNIGESIDFN
11		A0A0D9XCJ8_9ORYZ	873	891	+	-10.1471	7.71e-05	0.139	LTNLEYINLSNIGESIDFN
11		A0A0D3GFF5_9ORYZ	1026	1044	+	-10.1471	7.71e-05	0.139	SPTMESIEIYGCRLESGII
13		A0A453GU18_AEGTS	503	534	+	-84.6627	8.35e-05	0.069	KWVDPIEEEHHQRQERGLSGEKHGVLEKAEAR
13		A0A453GU37_AEGTS	910	941	+	-84.6627	8.35e-05	0.069	KWVDPIEEEHHQRQERGLSGEKHGVLEKAEAR
13		A0A453GTZ9_AEGTS	910	941	+	-84.6627	8.35e-05	0.069	KWVDPIEEEHHQRQERGLSGEKHGVLEKAEAR
14		A0A1Z5R8E6_SORBI	134	183	+	-159.906	8.55e-05	0.852	AGAHPQPQQMSRQHNQDRGDVNVQTDDEPYPYAEIFHHARAERSDYGEHN
9		A0A0P0Y0X0_ORYSJ	89	109	+	-11.7703	8.67e-05	0.366	VHLPKLLHLRLRDVANLPDNI
9		OsNOIc(Os11g0226400)	90	110	+	-11.7703	8.67e-05	0.366	VHLPKLLHLRLRDVANLPDNI
9		A0A0E0IZU7_ORYNI	619	639	+	-11.7703	8.67e-05	0.366	VHLPKLLHLRLRDVANLPDNI
7		A0A0D9XTY3_9ORYZ	83	103	+	-18.9375	8.82e-05	0.496	EEVRNSIKENGCYLVDESYLV
19		J3LKF5_ORYBR	118	158	+	-117.213	8.94e-05	1	VECWEKAERVDGRDPERWRRDALGNVVFRKLVGCPGCLCHD
18		A0A3L6PIH5_PANMI	479	511	+	-93.8519	9.21e-05	1	EHSNHLSLADEVVVYTVHSTIFDVMRRKSVEEN
9		A0A0D3GFF5_9ORYZ	699	719	+	-12.0811	9.28e-05	0.378	FRMLRVLDLEDAKFKFTQNDI
3		K3YJH0_SETIT	135	155	+	-28	9.45e-05	0.372	SGGYGLVANSVERSRAKGGLR
3		A0A4U6U9N4_SETVI	135	155	+	-28	9.45e-05	0.372	SGGYGLVANSVERSRAKGGLR
3		K3YJW1_SETIT	136	156	+	-28	9.45e-05	0.372	SGGYGLVANSVERSRAKGGLR
3		K3YJG8_SETIT	136	156	+	-28	9.45e-05	0.372	SGGYGLVANSVERSRAKGGLR
3		A0A4V6D5P4_SETVI	136	156	+	-28	9.45e-05	0.372	SGGYGLVANSVERSRAKGGLR
19		A0A0D9VQ07_9ORYZ	159	199	+	-117.6	9.5e-05	1	QQCWEKAERVAGRDPERWRRDALGNVVFRKLVGCPGCLCHD
11		A0A453GU18_AEGTS	230	248	+	-11.1324	9.64e-05	0.167	LSNLLHLRLGSGKNLPDGV
11		A0A453GU37_AEGTS	637	655	+	-11.1324	9.64e-05	0.167	LSNLLHLRLGSGKNLPDGV
11		A0A453GTZ9_AEGTS	637	655	+	-11.1324	9.64e-05	0.167	LSNLLHLRLGSGKNLPDGV
14		A0A3L6T0K6_PANMI	40	89	+	-160.612	9.68e-05	0.877	ADSAWWYAAAEPEACSDAWFRYSPPPRRPPAPKKARRPVTAPAPAEQKLP
6		A0A287XZS2_HORVV	75	103	+	-46.4559	9.7e-05	0.422	EQLGCMQNSVGANHTMEGFIRQILNISFD
6		A0A287XZY9_HORVV	289	317	+	-46.4559	9.7e-05	0.422	EQLGCMQNSVGANHTMEGFIRQILNISFD
6		A0A287Y046_HORVV	339	367	+	-46.4559	9.7e-05	0.422	EQLGCMQNSVGANHTMEGFIRQILNISFD
6		M0YWH3_HORVV	383	411	+	-46.4559	9.7e-05	0.422	EQLGCMQNSVGANHTMEGFIRQILNISFD
6		A0A287XZT2_HORVV	383	411	+	-46.4559	9.7e-05	0.422	EQLGCMQNSVGANHTMEGFIRQILNISFD
6		A0A287Y020_HORVV	430	458	+	-46.4559	9.7e-05	0.422	EQLGCMQNSVGANHTMEGFIRQILNISFD
20		A0A0P0Y0X0_ORYSJ	276	325	+	-160.439	9.72e-05	0.939	YFKFRCGVLRLAFQAEAMPNLRKLKIEFNVHRGEQYGDILTGIEHLLNLQ
20		OsNOIc(Os11g0226400)	277	326	+	-160.439	9.72e-05	0.939	YFKFRCGVLRLAFQAEAMPNLRKLKIEFNVHRGEQYGDILTGIEHLLNLQ
20		A0A0E0IZU7_ORYNI	806	855	+	-160.439	9.72e-05	0.939	YFKFRCGVLRLAFQAEAMPNLRKLKIEFNVHRGEQYGDILTGIEHLLNLQ
19		A0A0D9XCJ7_9ORYZ	829	869	+	-117.907	9.97e-05	1	EDLNMSKCSKLAQLPESLGDLFYLRSLNLSSCSGLRMLPES
19		A0A0D9XCJ8_9ORYZ	829	869	+	-117.907	9.97e-05	1	EDLNMSKCSKLAQLPESLGDLFYLRSLNLSSCSGLRMLPES

# FIMO (Find Individual Motif Occurrences): Version 5.5.3 compiled on Jun 29 2023 at 20:31:35
# The format of this file is described at https://meme-suite.org/meme/doc/fimo-output-format.html.
# fimo -o nlrtracker_result/fimo_out /LARGE0/gr10405/lhome/y.sugihara/nlrtracker/NLRtracker/module/meme.xml nlrtracker_result/tmp.fasta
