seqname	type	description	start	end	Domain	Status	Subclass (putative)	Simple	sequence
A0A0D3GFF5_9ORYZ	DOMAIN	OTHER	27	62	(OTHER)(CC)(NBARC)(LRR)	NLR	CC-NLR	OCNL	EAGRPLPKFGEWDVNDPASADGFTVIFNKARDEKKG
A0A0D3GFF5_9ORYZ	REGION	CC	135	247	(OTHER)(CC)(NBARC)(LRR)	NLR	CC-NLR	OCNL	VLGSAVGKAASAAADEATLLLGIQKEIWYIKDELKTIQAFLRAAEVTKKKDDLLKVWAEQVRDLSYNIEDCLDEFKVHVESQSLAKQLMKLGERHRIAVQIRNLKSRIEEVSN
A0A0D3GFF5_9ORYZ	REGION	NBARC	269	642	(OTHER)(CC)(NBARC)(LRR)	NLR	CC-NLR	OCNL	SYLEDARNRSGSNTDESELVGFAKTKDELLKLIDVNTNDGPAKVICVVGMGGLGKTTLARKAYENKEHMKNFSCCAWITVSQSFDRKEILKQMIRQLLGADSLDKLLKEFSEKLLVQVQHLADHLVEGLKEKRYFVVLDDLWTIDAWNWIHDIAFPKINNRGSRIIITTRDAGLAGRCTSESLIYHLEPLHIDDAIHLLLAKTNIRLEDMENDEDLGSIVTKLVKRCGYLPLAILTIGGILATKKIMEWGKFYRELPSELESNPSLEAMRRMVTLSYNHLPSHLKPCFLYLSIFPEDFEIQRGRLVDRWIAEGFVRATDGVNIEDVGNSHFNELINRSLIQPSKVSTDGVVKRCRIHDIMRDIIVSISREENFV
A0A0D3GFF5_9ORYZ	REGION	LRR	623	1093	(OTHER)(CC)(NBARC)(LRR)	NLR	CC-NLR	OCNL	RIHDIMRDIIVSISREENFVLLTREKITVVAEESIRHLAFHGSKCSKICLEWNHLRSVTLFGDRPVGRTPALCSPQFRMLRVLDLEDAKFKFTQNDIRNIGLLRHMKYLNFARASTIYKLPRSIGKLQCLQILNMREANISALTTEVTKLQNLRSLRCSRRSGSGYFSIIDNPKECLMITMCLPMVFSTSINFSDRVKLIPEICMSCSTRWSDTKGVRVPRGIDNLKELQILEVMDINRTSRKAIEELGELIQLRKLSVTTKGATNKKYQIFCAAIEKLSSLQSLRVDAEGFSDTGTLEWLNSIACPPPFLKRLKLNGSLADTPNWFGNLKQLVKMCLSRCGLKDGKTMEILGALPNLMVLRLYRNAYADEKMTFRRGTFPNLRCLDIYLLKQLREIRFEEGTSPTMESIEIYGCRLESGIIGIKHLPRLKIISLEYDGKVAKLDVLQEEVNTHPNHTELQMAEDRSHHDL
A0A0D9XCJ7_9ORYZ	REGION	CC	119	222	(CC)(NBARC)(LRR)	NLR	CC-NLR	CNL	GAAVDRLLRRLASDGGRLELPSSIDEDMAHVRRTLARLQDVLQTVEGNYFKMSTEVQEWMRKIKHIASGIEDMLDEFEDSSDAGSQRDGSFITEATSSCSSTPF
A0A0D9XCJ7_9ORYZ	REGION	NBARC	259	625	(CC)(NBARC)(LRR)	NLR	CC-NLR	CNL	LNKSNEQEVLFHGNEIIGRDTDKENIKSLLLNDLEKVSIIPIVGLAGLGKTALAKLIFHDQGEGWNFDQRIWVHLDRKLDLNKIANDIISQVNQLGDTTMNQIQNNLQLKKSCLQEVLCDQSSLIVLDGLFSTEENQLLELKDMLRGTKKGTKIIVTTSSEISAELIHTVPPYKLGPLSEADCWTIFCQRAFDDGRENIRLTEIAKQIVKRCEGIPVVAYSLGSMVRNKDEDAWLYARDKELWELPKIFPNGFEVLASFSEMYLCMPSPLKSCFAYLSTIPRGTIIDREKLIEQWIALDMVGSKHGTLPAYVQGEMFIQKLLSMYFLQVRNKLSVTRIRDTNYSKELRIHNLVHDFAMYVARDDLII
A0A0D9XCJ7_9ORYZ	REGION	LRR	648	903	(CC)(NBARC)(LRR)	NLR	CC-NLR	CNL	NDTGQSALRKGLLSSARAVHFKNCKAEKLLVEAFSVLNHLRVLDLSGCCIVELPDFISNLRHLRYLDVSYSRILSLSSQLTSLSNLEVLDLSETSLEFLPSSIGSFEKLKYLNLQGCDKLVNLPPFLCDLKRLENLNLSYCYGITELPTNVWKLHELRFLDLSSCTDLQELPYLFGKLGSLEDLNMSKCSKLAQLPESLGDLFYLRSLNLSSCSGLRMLPESLKNLTNLEYINLSNIGESIDFNQIQQLRHILKKS
A0A0D9XCJ8_9ORYZ	REGION	CC	119	222	(CC)(NBARC)(LRR)	NLR	CC-NLR	CNL	GAAVDRLLRRLASDGGRLELPSSIDEDMAHVRRTLARLQDVLQTVEGNYFKMSTEVQEWMRKIKHIASGIEDMLDEFEDSSDAGSQRDGSFITEATSSCSSTPF
A0A0D9XCJ8_9ORYZ	REGION	NBARC	259	625	(CC)(NBARC)(LRR)	NLR	CC-NLR	CNL	LNKSNEQEVLFHGNEIIGRDTDKENIKSLLLNDLEKVSIIPIVGLAGLGKTALAKLIFHDQGEGWNFDQRIWVHLDRKLDLNKIANDIISQVNQLGDTTMNQIQNNLQLKKSCLQEVLCDQSSLIVLDGLFSTEENQLLELKDMLRGTKKGTKIIVTTSSEISAELIHTVPPYKLGPLSEADCWTIFCQRAFDDGRENIRLTEIAKQIVKRCEGIPVVAYSLGSMVRNKDEDAWLYARDKELWELPKIFPNGFEVLASFSEMYLCMPSPLKSCFAYLSTIPRGTIIDREKLIEQWIALDMVGSKHGTLPAYVQGEMFIQKLLSMYFLQVRNKLSVTRIRDTNYSKELRIHNLVHDFAMYVARDDLII
A0A0D9XCJ8_9ORYZ	REGION	LRR	648	903	(CC)(NBARC)(LRR)	NLR	CC-NLR	CNL	NDTGQSALRKGLLSSARAVHFKNCKAEKLLVEAFSVLNHLRVLDLSGCCIVELPDFISNLRHLRYLDVSYSRILSLSSQLTSLSNLEVLDLSETSLEFLPSSIGSFEKLKYLNLQGCDKLVNLPPFLCDLKRLENLNLSYCYGITELPTNVWKLHELRFLDLSSCTDLQELPYLFGKLGSLEDLNMSKCSKLAQLPESLGDLFYLRSLNLSSCSGLRMLPESLKNLTNLEYINLSNIGESIDFNQIQQLRHILKKS
A0A0E0IZU7_ORYNI	REGION	CC	12	123	(CC)(NBARC)(LRR)(OTHER)	NLR	CC-NLR	CNLO	GAMGSLLRKLHVLLTPEYQQLIEPVKDGIELLLQDLEAVKAAMVDLSEMETPTMMARHWMNEVRDLSYDIEDYIDNTMDSCSNSGADLESFDCGRIGEFGASIEEARQRHEI
A0A0E0IZU7_ORYNI	REGION	NBARC	130	487	(CC)(NBARC)(LRR)(OTHER)	NLR	CC-NLR	CNLO	TSRFTCPQIPAPNWKGINLVGMGKSKVELTNKLTDGSLPQLKVVSILGCAGVGKTALAKQVFCELRGRFECRAFVQVSRMPDTKRLLRSMLSQFRRHNRLPADRCTVQDLIDNIRDHIQDKRYFIVIDDLWETTSWDIINSAFPKGQDCSRILMTTTIEDVALECCDYQSDDICKMKPLSRDDSLNLFLNSAFGSEQNCSERLREVSTEIVRNCGGLPLGIINIARLLASEVDNLELWHHVQKHLSSSMATNHTSEDKLRNIVRLCYRCLPCRLKTCLQYLTMYPEGCIIWKADLVKQWTAEDFIRETEREDANAVADSYFDELVSRGMMQPNNRTYSDMVLSCTVHHMVFDVVKDMS
A0A0E0IZU7_ORYNI	REGION	LRR	476	858	(CC)(NBARC)(LRR)(OTHER)	NLR	CC-NLR	CNLO	HHMVFDVVKDMSVEENFTTALDYSQPITRLNFKIRRLSLHVSNTKYATKPVHISLSQARSLNFYGLAECLPSTLQFKQLRVLMLEFWDDQEEFDLRGIFRLLQLRYVQVTTDMIVKLPATVQSLQYLETLQLNARVANVPSDIVHLPKLLHLRLRDVANLPDNIGCMASLCTLESLDLSNNSEQNVWGLGEMTNLQELYLNCSAELSGRLKRNLTALASSLGKLRKLRTLILAPSSGTSMYMDCSSIVSSPPLCLQRLELLPTICIFSRLPKWIGQLKRLRILKIVVRELLCSDVHSLTMLQELTVLSLDVQQSTEETIVFNDKAFPVLKYFKFRCGVLRLAFQAEAMPNLRKLKIEFNVHRGEQYGDILTGIEHLLNLQEII
A0A0E0IZU7_ORYNI	DOMAIN	OTHER	1005	1037	(CC)(NBARC)(LRR)(OTHER)	NLR	CC-NLR	CNLO	ASAVPKFGEWDSPLRPADNYTGIFNKVREEKRS
A0A0E0LZX0_ORYPU	REGION	CC	5	106	(CC)(NBARC)(LRR)	NLR	CC-NLR	CNL	GAAVDRLLRRLASGAGRLELPSSIDEDMAHVKRTLARLQDVLLTIEGRYFKMGTEVQEWMRKIKQIAYSIQDLLDEFEDSSGAGSQRNGSRISEHSLSDLDK
A0A0E0LZX0_ORYPU	REGION	NBARC	107	471	(CC)(NBARC)(LRR)	NLR	CC-NLR	CNL	SNEQEVLFHRTEIIGRDTDKENIKILLLQNDVDKLPIIPIVGLAGLGKTAVAKLIFHDQGEGWNFDQRIWVHLDRKLDLNKIANSIISQVNQSGDSTKNQIQNNLQFKRNCLQEVLCDQSSLIVLDDLFSTEENQIAELKEVLRGTKKGTKIIVTTSSEISAELIHTVPPYKLGPLSEGDCSTIFCQRAFGDGHENSSLTEIAKQIVKRCEGIPAVAYSLGSLLRNKNEEAWLYARDKEIWELPTLFPNGFELFASFSEMYLCMPSALKSCFAYLSTIPKRTIIDREKLIEQWIALDMVGSKHGTLPAYVQGEMFIQQLLSISFLQVRNKPSATRIRDTNHYKELRIHNLVHDFAMYVARDDLII
A0A0E0LZX0_ORYPU	REGION	LRR	498	748	(CC)(NBARC)(LRR)	NLR	CC-NLR	CNL	QSALRKGLLSSARAVHFNNCKSEKLLVEAFSVLNHLRVLDLSGCCIVELPDFISNLRHLRYLDVSYSRILSLSTQLTSLSNLEVLDLSETSLELLPSSIGSFEKLKYLNLQGCDKLVNLPPFVCDLKRLENLNLSYCYGITRLPSNLWKLHELRILDLSSCTDLQEMPYLFGKLASLEDLSMSKCSKLEQLPESLGDLCYLRSFNLSGCSGLKMLPESLKNLTNLEYINLSNIGESIDFNQIQQLRHILKK
A0A287XZS2_HORVV	REGION	PLOOP	13	199	(PLOOP)(LRR)(OTHER)	degenerate NLR	CC-NLR or CCR-NLR or CCG10-NLR	PLO	EHIFKMESLGEDDSEKLLLQRILVSGNQQFGNVLPQIKRSCGGLPLAIIVAASLLTIQPDKLEQLGCMQNSVGANHTMEGFIRQILNISFDSLPHYLKTCLLYLSTYPEGCLFLKGDLVKQWVAEGFICAKEGEDMEEVAGSYFGKLVSAGLIQAMGINYNYEVLSYSVHHMVLDLITYKSIEENFI
A0A287XZS2_HORVV	REGION	LRR	181	570	(PLOOP)(LRR)(OTHER)	degenerate NLR	CC-NLR or CCR-NLR or CCG10-NLR	PLO	VHHMVLDLITYKSIEENFITVLDYSQTAIPVTDKVRRLSLHFGSATYATTPASIGLSEVRSLFFSGLFNCVPSFMVFKLLRVLVLHFWGDTGNTSFSLEGICELFWLRYLQVTCNVTVKLPDQIEPMKHLETLEINAEVCVVPPDIVRLSNLLHLRLGSGTNLPDGVGYMTSLRTLMYFDLGSSSEDNLWGLAELKNLRDLHLTYSLSLSSEHLKKKLIALGTSLGKLGDLKSFTLASAAAGTAILFDGSSSMYSTPVFLERLELLPPICVFSRFPKWIGQLHKLSVLKIAVRELLMNDIDSLTGLHSLTVLALCVQTAPERSIVFNDGAFPVLRYFKFRCIVLCMSFMSGAMRNLRRLKLHFNTHMGEKYGNMLAGVEHLLNLRDIAAH
A0A287XZS2_HORVV	DOMAIN	OTHER	859	892	(PLOOP)(LRR)(OTHER)	degenerate NLR	CC-NLR or CCR-NLR or CCG10-NLR	PLO	EVAVPRFGDWDESNASSSESFTHIFSRVRDDKSS
A0A287XZT2_HORVV	REGION	CC	9	139	(CC)(NBARC)(LRR)(OTHER)	NLR	CC-NLR	CNLO	SLGAMGSLARKLDDLLATRHRALRGSVTDEIEQLATDLRTLRGLLAKLSNAQGPPVAARHWMKDVRELSYDTADCADQFVRAVGRAKIHRAARRKIIPRLKIARLPERWKWRLWIAGRVSEFRSRAREATR
A0A287XZT2_HORVV	REGION	NBARC	161	507	(CC)(NBARC)(LRR)(OTHER)	NLR	CC-NLR	CNLO	ELPAVLPDPGDLVGIQGPMDELHRRLIDGKEQLKVVPIVGVGGIGKTTLAQKLWSKLRGQFECRAFVRTAQKPDMRGIIRSILSQARPHQPPDRGEMHHLIRDLREYLRDKRYFIIIDDLWAISLWDVLSRAFPEGNCGSRIVTITETMEVALACCGFCPEHIFKMESLGEDDSEKLLLQRILVSGNQQFGNVLPQIKRSCGGLPLAIIVAASLLTIQPDKLEQLGCMQNSVGANHTMEGFIRQILNISFDSLPHYLKTCLLYLSTYPEGCLFLKGDLVKQWVAEGFICAKEGEDMEEVAGSYFGKLVSAGLIQAMGINYNYEVLSYSVHHMVLDLITYKSIEENFI
A0A287XZT2_HORVV	REGION	LRR	489	878	(CC)(NBARC)(LRR)(OTHER)	NLR	CC-NLR	CNLO	VHHMVLDLITYKSIEENFITVLDYSQTAIPVTDKVRRLSLHFGSATYATTPASIGLSEVRSLFFSGLFNCVPSFMVFKLLRVLVLHFWGDTGNTSFSLEGICELFWLRYLQVTCNVTVKLPDQIEPMKHLETLEINAEVCVVPPDIVRLSNLLHLRLGSGTNLPDGVGYMTSLRTLMYFDLGSSSEDNLWGLAELKNLRDLHLTYSLSLSSEHLKKKLIALGTSLGKLGDLKSFTLASAAAGTAILFDGSSSMYSTPVFLERLELLPPICVFSRFPKWIGQLHKLSVLKIAVRELLMNDIDSLTGLHSLTVLALCVQTAPERSIVFNDGAFPVLRYFKFRCIVLCMSFMSGAMRNLRRLKLHFNTHMGEKYGNMLAGVEHLLNLRDIAAH
A0A287XZT2_HORVV	DOMAIN	OTHER	1169	1202	(CC)(NBARC)(LRR)(OTHER)	NLR	CC-NLR	CNLO	EVAVPRFGDWDESNASSSESFTHIFSRVRDDKSS
A0A287XZY9_HORVV	REGION	NBARC	67	413	(NBARC)(LRR)(OTHER)	NLR	CC-NLR or CCR-NLR or CCG10-NLR	NLO	ELPAVLPDPGDLVGIQGPMDELHRRLIDGKEQLKVVPIVGVGGIGKTTLAQKLWSKLRGQFECRAFVRTAQKPDMRGIIRSILSQARPHQPPDRGEMHHLIRDLREYLRDKRYFIIIDDLWAISLWDVLSRAFPEGNCGSRIVTITETMEVALACCGFCPEHIFKMESLGEDDSEKLLLQRILVSGNQQFGNVLPQIKRSCGGLPLAIIVAASLLTIQPDKLEQLGCMQNSVGANHTMEGFIRQILNISFDSLPHYLKTCLLYLSTYPEGCLFLKGDLVKQWVAEGFICAKEGEDMEEVAGSYFGKLVSAGLIQAMGINYNYEVLSYSVHHMVLDLITYKSIEENFI
A0A287XZY9_HORVV	REGION	LRR	395	784	(NBARC)(LRR)(OTHER)	NLR	CC-NLR or CCR-NLR or CCG10-NLR	NLO	VHHMVLDLITYKSIEENFITVLDYSQTAIPVTDKVRRLSLHFGSATYATTPASIGLSEVRSLFFSGLFNCVPSFMVFKLLRVLVLHFWGDTGNTSFSLEGICELFWLRYLQVTCNVTVKLPDQIEPMKHLETLEINAEVCVVPPDIVRLSNLLHLRLGSGTNLPDGVGYMTSLRTLMYFDLGSSSEDNLWGLAELKNLRDLHLTYSLSLSSEHLKKKLIALGTSLGKLGDLKSFTLASAAAGTAILFDGSSSMYSTPVFLERLELLPPICVFSRFPKWIGQLHKLSVLKIAVRELLMNDIDSLTGLHSLTVLALCVQTAPERSIVFNDGAFPVLRYFKFRCIVLCMSFMSGAMRNLRRLKLHFNTHMGEKYGNMLAGVEHLLNLRDIAAH
A0A287XZY9_HORVV	DOMAIN	OTHER	1076	1109	(NBARC)(LRR)(OTHER)	NLR	CC-NLR or CCR-NLR or CCG10-NLR	NLO	EVAVPRFGDWDESNASSSESFTHIFSRVRDDKSS
A0A287Y020_HORVV	REGION	CC	56	186	(CC)(NBARC)(LRR)(OTHER)	NLR	CC-NLR	CNLO	SLGAMGSLARKLDDLLATRHRALRGSVTDEIEQLATDLRTLRGLLAKLSNAQGPPVAARHWMKDVRELSYDTADCADQFVRAVGRAKIHRAARRKIIPRLKIARLPERWKWRLWIAGRVSEFRSRAREATR
A0A287Y020_HORVV	REGION	NBARC	208	554	(CC)(NBARC)(LRR)(OTHER)	NLR	CC-NLR	CNLO	ELPAVLPDPGDLVGIQGPMDELHRRLIDGKEQLKVVPIVGVGGIGKTTLAQKLWSKLRGQFECRAFVRTAQKPDMRGIIRSILSQARPHQPPDRGEMHHLIRDLREYLRDKRYFIIIDDLWAISLWDVLSRAFPEGNCGSRIVTITETMEVALACCGFCPEHIFKMESLGEDDSEKLLLQRILVSGNQQFGNVLPQIKRSCGGLPLAIIVAASLLTIQPDKLEQLGCMQNSVGANHTMEGFIRQILNISFDSLPHYLKTCLLYLSTYPEGCLFLKGDLVKQWVAEGFICAKEGEDMEEVAGSYFGKLVSAGLIQAMGINYNYEVLSYSVHHMVLDLITYKSIEENFI
A0A287Y020_HORVV	REGION	LRR	536	925	(CC)(NBARC)(LRR)(OTHER)	NLR	CC-NLR	CNLO	VHHMVLDLITYKSIEENFITVLDYSQTAIPVTDKVRRLSLHFGSATYATTPASIGLSEVRSLFFSGLFNCVPSFMVFKLLRVLVLHFWGDTGNTSFSLEGICELFWLRYLQVTCNVTVKLPDQIEPMKHLETLEINAEVCVVPPDIVRLSNLLHLRLGSGTNLPDGVGYMTSLRTLMYFDLGSSSEDNLWGLAELKNLRDLHLTYSLSLSSEHLKKKLIALGTSLGKLGDLKSFTLASAAAGTAILFDGSSSMYSTPVFLERLELLPPICVFSRFPKWIGQLHKLSVLKIAVRELLMNDIDSLTGLHSLTVLALCVQTAPERSIVFNDGAFPVLRYFKFRCIVLCMSFMSGAMRNLRRLKLHFNTHMGEKYGNMLAGVEHLLNLRDIAAH
A0A287Y020_HORVV	DOMAIN	OTHER	1216	1249	(CC)(NBARC)(LRR)(OTHER)	NLR	CC-NLR	CNLO	EVAVPRFGDWDESNASSSESFTHIFSRVRDDKSS
A0A287Y046_HORVV	REGION	CC	1	80	(CC)(NBARC)(LRR)(OTHER)	NLR	CC-NLR	CNLO	DLRTLRGLLAKLSNAQGPPVAARHWMKDVRELSYDTADCADQFVRAVGRAKIHRAARRKIIPRLKIARLPERWKWRLWIA
A0A287Y046_HORVV	REGION	NBARC	117	463	(CC)(NBARC)(LRR)(OTHER)	NLR	CC-NLR	CNLO	ELPAVLPDPGDLVGIQGPMDELHRRLIDGKEQLKVVPIVGVGGIGKTTLAQKLWSKLRGQFECRAFVRTAQKPDMRGIIRSILSQARPHQPPDRGEMHHLIRDLREYLRDKRYFIIIDDLWAISLWDVLSRAFPEGNCGSRIVTITETMEVALACCGFCPEHIFKMESLGEDDSEKLLLQRILVSGNQQFGNVLPQIKRSCGGLPLAIIVAASLLTIQPDKLEQLGCMQNSVGANHTMEGFIRQILNISFDSLPHYLKTCLLYLSTYPEGCLFLKGDLVKQWVAEGFICAKEGEDMEEVAGSYFGKLVSAGLIQAMGINYNYEVLSYSVHHMVLDLITYKSIEENFI
A0A287Y046_HORVV	REGION	LRR	445	834	(CC)(NBARC)(LRR)(OTHER)	NLR	CC-NLR	CNLO	VHHMVLDLITYKSIEENFITVLDYSQTAIPVTDKVRRLSLHFGSATYATTPASIGLSEVRSLFFSGLFNCVPSFMVFKLLRVLVLHFWGDTGNTSFSLEGICELFWLRYLQVTCNVTVKLPDQIEPMKHLETLEINAEVCVVPPDIVRLSNLLHLRLGSGTNLPDGVGYMTSLRTLMYFDLGSSSEDNLWGLAELKNLRDLHLTYSLSLSSEHLKKKLIALGTSLGKLGDLKSFTLASAAAGTAILFDGSSSMYSTPVFLERLELLPPICVFSRFPKWIGQLHKLSVLKIAVRELLMNDIDSLTGLHSLTVLALCVQTAPERSIVFNDGAFPVLRYFKFRCIVLCMSFMSGAMRNLRRLKLHFNTHMGEKYGNMLAGVEHLLNLRDIAAH
A0A287Y046_HORVV	DOMAIN	OTHER	1124	1157	(CC)(NBARC)(LRR)(OTHER)	NLR	CC-NLR	CNLO	EVAVPRFGDWDESNASSSESFTHIFSRVRDDKSS
A0A3L6PIH5_PANMI	REGION	CC	9	122	(CC)(NBARC)(OTHER)	NLR	CC-NLR	CNO	SLGAMGSLLGKLHTQLTSPEHQLPESLKDGIEHLKQDLQELNSFLVDLSRLEGPNAMVKRWMSEVRELSYDVEDYVDSTMRPNNTMGSREMNKEILSVLKHFRSLVKQARERHE
A0A3L6PIH5_PANMI	REGION	NBARC	141	451	(CC)(NBARC)(OTHER)	NLR	CC-NLR	CNO	RRYQLHCLNGKKATDLVGIDESRGELVRWLKPLSNAGDAEERLKVKVVSILGPAGVGKSTLAREVYREIGGQFDRRAFVRASRVPDARRLLRSMISQVRRHQRPPWGLRVQELVDNLRTHLQQKRYFIVIDGLWETTSWDIIRNAFPEGAHCSRVLITTDIEEVALECCDYQSNAGSTWAPGSVLEMEPLSIDDSRDLFFNTVFGSKPDFSEELKKYSEDIIRKCSGLPLATTIIASVFACQPDNPELWSHVKECLSPINNLSSEDMLKEIIGLSYYSLSQQLKTCLLYFSLYPEGYTFLKTDLVKQWTAE
A0A3L6PIH5_PANMI	DOMAIN	OTHER	895	932	(CC)(NBARC)(OTHER)	NLR	CC-NLR	CNO	PERESPVPAFGEWDGWEETFVSEGYTDIFNRVREEKQS
A0A3L6Q3Z7_PANMI	REGION	CC	11	118	(CC)(NBARC)(LRR)(OTHER)	NLR	CC-NLR	CNLO	SLGAMGPLLGKLHKQLSSPEHQLPGSLKDGIEHLKQDLEELTSFLVDLSMLEGPNAMVQRWMSEVRELSYDMEDYVDSTMGSREMNREVLAVLKQFRNLVKQARERHE
A0A3L6Q3Z7_PANMI	REGION	NBARC	143	517	(CC)(NBARC)(LRR)(OTHER)	NLR	CC-NLR	CNLO	CFNGKKKATDLVGIDGSRGELVGWLKPLGDDVGDEVEERVRVVSILGPAGVGKSTLAQEVYREIGGQFERRAFVRASRVPDARRLLRSIISQVRRHGRPPCGLPVQELVDNLRTHLQQKRYFIVIDGLWETTSWDIIRNAFPDGAHCSSVLITTDIEEVALECCDYQSNAGTTWAPESMLGSDSHFHAQVGIFKMEPLSIDDSMDLFFNRVFGSKPDLSEQLKKHSEDIIRKCSGLPLATTIIASVLACQPDNPELWSHVKECLSPINSLSSEDMLKEIIGLSYYSLSQQLKTCLLYFSLYPEGYAFLKTDLVKQWTAEGFISAVAGKGANEVAECCFDELVSRGLVQSNHTSLADEVMVYTVHSTVFDVMRLKS
A0A3L6Q3Z7_PANMI	REGION	LRR	533	974	(CC)(NBARC)(LRR)(OTHER)	NLR	CC-NLR	CNLO	PKLSAKVRRLSLSFSNAKYATKPEGFTLSPVRSLTFYGPVECLPSIVEFKLLRVLILEFWGDREMFDLSGICILLQLRYFRVTADFIIKLPVKMRGLKYLETLEIYASVLTVPTDIVHLPKLLHLHLQGDVKLPDYVGQLRSLRTLQSFGLSSNSEDNVRTLGEMTNLHDLHITCCTALSDHLERNLIALASSIGKHENLKTLTLTPGVSCPSIYTDCLLILSPPPIFLEKLILLPPICLFSRLPEWIGRLQKLCILKIVVRELRRDDVNRIAGLKELTVLSLYVRQPTAQSIIFNSAAFPVLKYLKFRCGVLRLAFQAEAIPKLRRLKLEFNAHSGEQYGDMLAGIEHLSNLQELAVRVGAAPGAEESDKMAAESVLKETISKHSRHLSFSVRRANSFEEEIPQFSDPAPSSSHLDELLNRSTMVDVTSQPNEIDEVQEVS
A0A3L6Q3Z7_PANMI	DOMAIN	OTHER	1109	1143	(CC)(NBARC)(LRR)(OTHER)	NLR	CC-NLR	CNLO	PDRGSAVPKFGEWEEASVGESFTAIFNRVREDKRS
A0A453GTZ9_AEGTS	REGION	CC	9	137	(CC)(NBARC)(LRR)(OTHER)	NLR	CC-NLR	CNLO	SLGAMGSLKRKLDELLATRHWALRGAVTDEIEQLAADLRTLHDLLAKLSNAQDPPVAARYWMKDVRELSYDMADCADHFIRAKIHRAARRKIIARLKISRLPQRWRWKWRPWIADKVSEFRSRAQEATR
A0A453GTZ9_AEGTS	REGION	NBARC	158	507	(CC)(NBARC)(LRR)(OTHER)	NLR	CC-NLR	CNLO	SLEIPAVSPDLGDLVGMQGPMDELHRRLTSGGEQLKVVPIVGEGGIGKTTLAQKLWSKLRGQFECRAFVRTAQKPDMRGIIRSILSQVRRLQPPDPGEMYHLIRDLREYLRNKRYFIIIDDLWAISVWDVLSRAFPEGNCCSRIVTTTETMEVALACCGFCPEHVFKMESLGEDDSEKLLLQRIPLVSGNQQFDNVLPQIKRNCGGLPLAIIIAASLLAIQPEKLEQLGCMQNSVGVNHNIEGFMRQILNISFDSLPHYLKTCMLYLSTYSEGCLFLKSDLVKQWVAEGFICAEEGDDMEEVAGSYFDKLVSAGLIQAMDINCNYEVLSYSVHHMVLDLITYKSIEENFI
A0A453GTZ9_AEGTS	REGION	LRR	489	878	(CC)(NBARC)(LRR)(OTHER)	NLR	CC-NLR	CNLO	VHHMVLDLITYKSIEENFITVVDYSQTAIPVIDKVRRLSLHFGSATYATTPASIGLSQVRSLFFSGMFNCVPSFMVFKLLRVLVLHFWGDIGNTSFSLEGICELFWLRYLQVTCNVIIKLPDQIEPMKHLETLEINAEVCAVPPDIVRLSNLLHLRLGSGKNLPDGVGCMRSLRTLMYFDLGSSSEDNLWELGELTNLWVLHLTYSSSLSCEHLKKKLTALGTSLGKLGNLKSFTLASGAAGTAVLFDGSGSMYSTPVFLERLELLPPICVFSRFPKWIGQLHKLRVLKIAVRELLMNDIDSLTGLHSLTVLSLCVQTAPERRIVFNDGAFPVLKYFKFRCGVLYMSFMSGALCNLWRLKLHFNTHIGEKYDNMLAGVEHLLNLRDIAAQ
A0A453GTZ9_AEGTS	DOMAIN	OTHER	1201	1235	(CC)(NBARC)(LRR)(OTHER)	NLR	CC-NLR	CNLO	DEVAVLPFGEWDEANVASGEKYTGIFNRVRDDKLS
A0A453GU18_AEGTS	REGION	LRR	82	471	(LRR)	degenerate NLR	CC-NLR or CCR-NLR or CCG10-NLR	L	VHHMVLDLITYKSIEENFITVVDYSQTAIPVIDKVRRLSLHFGSATYATTPASIGLSQVRSLFFSGMFNCVPSFMVFKLLRVLVLHFWGDIGNTSFSLEGICELFWLRYLQVTCNVIIKLPDQIEPMKHLETLEINAEVCAVPPDIVRLSNLLHLRLGSGKNLPDGVGCMRSLRTLMYFDLGSSSEDNLWELGELTNLWVLHLTYSSSLSCEHLKKKLTALGTSLGKLGNLKSFTLASGAAGTAVLFDGSGSMYSTPVFLERLELLPPICVFSRFPKWIGQLHKLRVLKIAVRELLMNDIDSLTGLHSLTVLSLCVQTAPERRIVFNDGAFPVLKYFKFRCGVLYMSFMSGALCNLWRLKLHFNTHIGEKYDNMLAGVEHLLNLRDIAAQ
A0A453GU37_AEGTS	REGION	CC	9	137	(CC)(NBARC)(LRR)(OTHER)	NLR	CC-NLR	CNLO	SLGAMGSLKRKLDELLATRHWALRGAVTDEIEQLAADLRTLHDLLAKLSNAQDPPVAARYWMKDVRELSYDMADCADHFIRAKIHRAARRKIIARLKISRLPQRWRWKWRPWIADKVSEFRSRAQEATR
A0A453GU37_AEGTS	REGION	NBARC	158	507	(CC)(NBARC)(LRR)(OTHER)	NLR	CC-NLR	CNLO	SLEIPAVSPDLGDLVGMQGPMDELHRRLTSGGEQLKVVPIVGEGGIGKTTLAQKLWSKLRGQFECRAFVRTAQKPDMRGIIRSILSQVRRLQPPDPGEMYHLIRDLREYLRNKRYFIIIDDLWAISVWDVLSRAFPEGNCCSRIVTTTETMEVALACCGFCPEHVFKMESLGEDDSEKLLLQRIPLVSGNQQFDNVLPQIKRNCGGLPLAIIIAASLLAIQPEKLEQLGCMQNSVGVNHNIEGFMRQILNISFDSLPHYLKTCMLYLSTYSEGCLFLKSDLVKQWVAEGFICAEEGDDMEEVAGSYFDKLVSAGLIQAMDINCNYEVLSYSVHHMVLDLITYKSIEENFI
A0A453GU37_AEGTS	REGION	LRR	489	878	(CC)(NBARC)(LRR)(OTHER)	NLR	CC-NLR	CNLO	VHHMVLDLITYKSIEENFITVVDYSQTAIPVIDKVRRLSLHFGSATYATTPASIGLSQVRSLFFSGMFNCVPSFMVFKLLRVLVLHFWGDIGNTSFSLEGICELFWLRYLQVTCNVIIKLPDQIEPMKHLETLEINAEVCAVPPDIVRLSNLLHLRLGSGKNLPDGVGCMRSLRTLMYFDLGSSSEDNLWELGELTNLWVLHLTYSSSLSCEHLKKKLTALGTSLGKLGNLKSFTLASGAAGTAVLFDGSGSMYSTPVFLERLELLPPICVFSRFPKWIGQLHKLRVLKIAVRELLMNDIDSLTGLHSLTVLSLCVQTAPERRIVFNDGAFPVLKYFKFRCGVLYMSFMSGALCNLWRLKLHFNTHIGEKYDNMLAGVEHLLNLRDIAAQ
A0A453GU37_AEGTS	DOMAIN	OTHER	1204	1238	(CC)(NBARC)(LRR)(OTHER)	NLR	CC-NLR	CNLO	DEVAVLPFGEWDEANVASGEKYTGIFNRVRDDKLS
A0A6G1CAD2_9ORYZ	REGION	CC	8	120	(CC)(NBARC)(LRR)(OTHER)	NLR	CC-NLR	CNLO	SLGAMLSLLRKLHDLLAPESQLIKPLKDGIDLLKQDLERVHAAMVELSETETPTKMASHWMNEVRDLSYDIEDYIGNTMHSYSNSGADLESIDCGRIGEFGASVRDARQRHEI
A0A6G1CAD2_9ORYZ	REGION	NBARC	127	490	(CC)(NBARC)(LRR)(OTHER)	NLR	CC-NLR	CNLO	TSRFTCVQIPAPNWKGTSLVGIEKSKIELTNKLTNDAEPQLKVVSILGCGGIGKTALAKQVFRELGGRFECRAFVQASRMPDTKRLLRSMLSQVRRHSQLPADRCTVQDLIDNICGHIQDKRYFIVIDDLWETTSWDIVNSAFPKGHDCSRILMTTAIEDIALECCDYQCDDICKMKPISRDDSANLFFNSVFGSEQNCSEQLREVSSEIVRNCGGLPLGIINIARLLASEMDNLELWCHVQKYLSSSMATNHTSEDILRNIVRFSYKSLPRHLKTCLQYLTMYPEGCIICKADLVKQWAAEGFIRETKGEDANAVADSYFDELVSKGMVQPNNRTYSDEVLSCTVHHMVFDVIKDMSVEENFT
A0A6G1CAD2_9ORYZ	REGION	LRR	472	854	(CC)(NBARC)(LRR)(OTHER)	NLR	CC-NLR	CNLO	VHHMVFDVIKDMSVEENFTTAVDYSQPITRLPFKVRRLSLHVSNTKYATKPAHISLSQARSLNFYGLAECLPSTLEFKQLRVLILEFWGDQEEFDLRGIFRLFQLRYVQVTTDMIVKLPATIQSLQYLETLQLNARVANVPSDIVYLPKLLHFRLRDVTNLPDNIGRMVSLCTLESLDLSNISEQNVWGLGEMMNLQDLQLNCSTELSGRLKRNLTALASSLGKFGKLRTLILAPSGTSMYMDCSSSVSSPPLSLQRLELLPPICIFSRLPKWIGQLKRLCILKIVVRELLSNDVHGLTMLPELTVLSLNVQQSTEETIVFNRKAFPVLKYFKFRCGVLRIAFQAEAMPNLQKLKIEFNAHRGEQYGDMLTGIEHLLKLQEII
A0A6G1CAD2_9ORYZ	DOMAIN	OTHER	1000	1035	(CC)(NBARC)(LRR)(OTHER)	NLR	CC-NLR	CNLO	RRESVVPKFGEWDSTTPEAGERFTGIFSRVREEKQS
M0YWH3_HORVV	REGION	CC	9	139	(CC)(NBARC)(LRR)(OTHER)	NLR	CC-NLR	CNLO	SLGAMGSLARKLDDLLATRHRALRGSVTDEIEQLATDLRTLRGLLAKLSNAQGPPVAARHWMKDVRELSYDTADCADQFVRAVGRAKIHRAARRKIIPRLKIARLPERWKWRLWIAGRVSEFRSRAREATR
M0YWH3_HORVV	REGION	NBARC	161	507	(CC)(NBARC)(LRR)(OTHER)	NLR	CC-NLR	CNLO	ELPAVLPDPGDLVGIQGPMDELHRRLIDGKEQLKVVPIVGVGGIGKTTLAQKLWSKLRGQFECRAFVRTAQKPDMRGIIRSILSQARPHQPPDRGEMHHLIRDLREYLRDKRYFIIIDDLWAISLWDVLSRAFPEGNCGSRIVTITETMEVALACCGFCPEHIFKMESLGEDDSEKLLLQRILVSGNQQFGNVLPQIKRSCGGLPLAIIVAASLLTIQPDKLEQLGCMQNSVGANHTMEGFIRQILNISFDSLPHYLKTCLLYLSTYPEGCLFLKGDLVKQWVAEGFICAKEGEDMEEVAGSYFGKLVSAGLIQAMGINYNYEVLSYSVHHMVLDLITYKSIEENFI
M0YWH3_HORVV	REGION	LRR	489	878	(CC)(NBARC)(LRR)(OTHER)	NLR	CC-NLR	CNLO	VHHMVLDLITYKSIEENFITVLDYSQTAIPVTDKVRRLSLHFGSATYATTPASIGLSEVRSLFFSGLFNCVPSFMVFKLLRVLVLHFWGDTGNTSFSLEGICELFWLRYLQVTCNVTVKLPDQIEPMKHLETLEINAEVCVVPPDIVRLSNLLHLRLGSGTNLPDGVGYMTSLRTLMYFDLGSSSEDNLWGLAELKNLRDLHLTYSLSLSSEHLKKKLIALGTSLGKLGDLKSFTLASAAAGTAILFDGSSSMYSTPVFLERLELLPPICVFSRFPKWIGQLHKLSVLKIAVRELLMNDIDSLTGLHSLTVLALCVQTAPERSIVFNDGAFPVLRYFKFRCIVLCMSFMSGAMRNLRRLKLHFNTHMGEKYGNMLAGVEHLLNLRDIAAH
M0YWH3_HORVV	DOMAIN	OTHER	1169	1202	(CC)(NBARC)(LRR)(OTHER)	NLR	CC-NLR	CNLO	EVAVPRFGDWDESNASSSESFTHIFSRVRDDKSS
Pii-2	REGION	CC	5	118	(CC)(NBARC)(LRR)	NLR	CC-NLR	CNL	GAAVDRLLRRLASGAGHLELPSSIDEDMAHVKRTLARLQDVLLTVEGKYFKMGAEVQEWMRKIKQIAYGIQDLLDEFEDSSGTGSQRNGSRISEGTLSCSSAPFFCHLSRSQRI
Pii-2	REGION	NBARC	139	512	(CC)(NBARC)(LRR)	NLR	CC-NLR	CNL	QHSLSNLDKSNEQEVLFHRTEIIGRDTDKENIKNLLLQNDVDKLPIIPIVGLAGLGKTAVAKLIFHEQGEGWNFDQRIWVHLDKKLDLNKIANSIISQVNQSVDTTKNQIQNNLQFKRNCLQEVLCDQSSLIVLDDLFSTEENQIAELKEMLRGTKKGTKIIVTTSSEISAELIHTVPPYKLGPLSEGDCSTIFCQRAFGDGHENSSLTEIAKQIVKRCEGIPAVAYSLGSLVRNKNKEAWLYARDKEIWELPTLFPNGFELLASFSEMYLCMPSALKSCFAYLSTIPKGTIIDREKLIEQWIALDMVGSKHGTLPAYVQGEMFIQQLLSISFLQVRNKPSATRIRDTNQSKELRIHNLVHDFAMYVARDDLII
Pii-2	REGION	LRR	535	790	(CC)(NBARC)(LRR)	NLR	CC-NLR	CNL	NDIGQSALRKGLLSSARAVHFKNCKSEKLLVEAFSVLNHLRVLDLSGCCIVELPDFITNLRHLRYLDVSYSRILSLSTQLTSLSNLEVLDLSETSLELLPSSIGSFEKLKYLNLQGCDKLVNLPPFVCDLKRLENLNLSYCYGITMLPPNLWKLHELRILDLSSCTDLQEMPYLFGNLASLENLNMSKCSKLEQLPESLGDLCYLRSFNLSGCSGLKMLPESLKNLTNLEYINLSNIGESIDFNQIQQLRHILKKT
Pii-2	CHAIN	chain	1	1082	(CC)(NBARC)(LRR)	NLR	CC-NLR	CNL	MATAGAAVDRLLRRLASGAGHLELPSSIDEDMAHVKRTLARLQDVLLTVEGKYFKMGAEVQEWMRKIKQIAYGIQDLLDEFEDSSGTGSQRNGSRISEGTLSCSSAPFFCHLSRSQRIRVLKRKLDQSTKDTSVFSLLQHSLSNLDKSNEQEVLFHRTEIIGRDTDKENIKNLLLQNDVDKLPIIPIVGLAGLGKTAVAKLIFHEQGEGWNFDQRIWVHLDKKLDLNKIANSIISQVNQSVDTTKNQIQNNLQFKRNCLQEVLCDQSSLIVLDDLFSTEENQIAELKEMLRGTKKGTKIIVTTSSEISAELIHTVPPYKLGPLSEGDCSTIFCQRAFGDGHENSSLTEIAKQIVKRCEGIPAVAYSLGSLVRNKNKEAWLYARDKEIWELPTLFPNGFELLASFSEMYLCMPSALKSCFAYLSTIPKGTIIDREKLIEQWIALDMVGSKHGTLPAYVQGEMFIQQLLSISFLQVRNKPSATRIRDTNQSKELRIHNLVHDFAMYVARDDLIILDGGEKASSLRKNIPVFYGVVNNDIGQSALRKGLLSSARAVHFKNCKSEKLLVEAFSVLNHLRVLDLSGCCIVELPDFITNLRHLRYLDVSYSRILSLSTQLTSLSNLEVLDLSETSLELLPSSIGSFEKLKYLNLQGCDKLVNLPPFVCDLKRLENLNLSYCYGITMLPPNLWKLHELRILDLSSCTDLQEMPYLFGNLASLENLNMSKCSKLEQLPESLGDLCYLRSFNLSGCSGLKMLPESLKNLTNLEYINLSNIGESIDFNQIQQLRHILKKTFFSGDIGGSELQTCEHAADSADSKKEITMDFSANLHGNITLPPKCSTEEKSGENSERFLSAAIREDSSSTDVSTYVKPVVPSLIGVLRRPTRLDVPAGAMASQVGLAQMPSSNNGKAGPHPTMAAAQTPETDQPVHKRVRWDDTIDYSCPPNSKPARSASLVQSTDLSTPKKSYKKIHSMPVVYSSIPKGSSGGTYLMPAKAIASSYRRYSPQRWEQHIGYQGTDEDELMVVPPFGEWDHSPTLRKSDFRYEKVFAKLTEEKMSGQRQKPQQRKPRNERFGAVWHAELLQKR
A0A0D3GFF5_9ORYZ	CHAIN	chain	1	1096	(OTHER)(CC)(NBARC)(LRR)	NLR	CC-NLR	OCNL	MWPQSNASPPTGNGPGLRPAEQGVEEEAGRPLPKFGEWDVNDPASADGFTVIFNKARDEKKGGNGQDTDSPCKETRTERVESYAPKTNSRCPDSTAVLDWASLKTLSLTGERGGRVVRGEQSMAAETVVSMAMSVLGSAVGKAASAAADEATLLLGIQKEIWYIKDELKTIQAFLRAAEVTKKKDDLLKVWAEQVRDLSYNIEDCLDEFKVHVESQSLAKQLMKLGERHRIAVQIRNLKSRIEEVSNRNTRYSLIKPISSITTEDERDSYLEDARNRSGSNTDESELVGFAKTKDELLKLIDVNTNDGPAKVICVVGMGGLGKTTLARKAYENKEHMKNFSCCAWITVSQSFDRKEILKQMIRQLLGADSLDKLLKEFSEKLLVQVQHLADHLVEGLKEKRYFVVLDDLWTIDAWNWIHDIAFPKINNRGSRIIITTRDAGLAGRCTSESLIYHLEPLHIDDAIHLLLAKTNIRLEDMENDEDLGSIVTKLVKRCGYLPLAILTIGGILATKKIMEWGKFYRELPSELESNPSLEAMRRMVTLSYNHLPSHLKPCFLYLSIFPEDFEIQRGRLVDRWIAEGFVRATDGVNIEDVGNSHFNELINRSLIQPSKVSTDGVVKRCRIHDIMRDIIVSISREENFVLLTREKITVVAEESIRHLAFHGSKCSKICLEWNHLRSVTLFGDRPVGRTPALCSPQFRMLRVLDLEDAKFKFTQNDIRNIGLLRHMKYLNFARASTIYKLPRSIGKLQCLQILNMREANISALTTEVTKLQNLRSLRCSRRSGSGYFSIIDNPKECLMITMCLPMVFSTSINFSDRVKLIPEICMSCSTRWSDTKGVRVPRGIDNLKELQILEVMDINRTSRKAIEELGELIQLRKLSVTTKGATNKKYQIFCAAIEKLSSLQSLRVDAEGFSDTGTLEWLNSIACPPPFLKRLKLNGSLADTPNWFGNLKQLVKMCLSRCGLKDGKTMEILGALPNLMVLRLYRNAYADEKMTFRRGTFPNLRCLDIYLLKQLREIRFEEGTSPTMESIEIYGCRLESGIIGIKHLPRLKIISLEYDGKVAKLDVLQEEVNTHPNHTELQMAEDRSHHDLGGI
A0A287XZS2_HORVV	CHAIN	chain	1	910	(PLOOP)(LRR)(OTHER)	degenerate NLR	CC-NLR or CCR-NLR or CCG10-NLR	PLO	MEVALACCGFCPEHIFKMESLGEDDSEKLLLQRILVSGNQQFGNVLPQIKRSCGGLPLAIIVAASLLTIQPDKLEQLGCMQNSVGANHTMEGFIRQILNISFDSLPHYLKTCLLYLSTYPEGCLFLKGDLVKQWVAEGFICAKEGEDMEEVAGSYFGKLVSAGLIQAMGINYNYEVLSYSVHHMVLDLITYKSIEENFITVLDYSQTAIPVTDKVRRLSLHFGSATYATTPASIGLSEVRSLFFSGLFNCVPSFMVFKLLRVLVLHFWGDTGNTSFSLEGICELFWLRYLQVTCNVTVKLPDQIEPMKHLETLEINAEVCVVPPDIVRLSNLLHLRLGSGTNLPDGVGYMTSLRTLMYFDLGSSSEDNLWGLAELKNLRDLHLTYSLSLSSEHLKKKLIALGTSLGKLGDLKSFTLASAAAGTAILFDGSSSMYSTPVFLERLELLPPICVFSRFPKWIGQLHKLSVLKIAVRELLMNDIDSLTGLHSLTVLALCVQTAPERSIVFNDGAFPVLRYFKFRCIVLCMSFMSGAMRNLRRLKLHFNTHMGEKYGNMLAGVEHLLNLRDIAAHIGVTAEFDRKVIELAFKDAIRNHPRCPNFYVKWVDPVDEEYHPSEKQHQRQERVLSGEKHGVLEKAEATNKYADDRSSQNSDPPPSVASCSLKSESKASLETKVAESKASLGTKVAESKASQAIEVADSEAPQATEVAESEVSRAIKVAESEASQAIEIEESKASPANEIEESKASPTYLYKQRRITRFGDWDNSEDFPYVPRAPLRGRRPRNAHLCREPAPRLYTNPGRESIPRGPSINAAGSASPVQPDSPSKLKHRAAGMHTPERRALSEVHGSSRMNQSNQRHNEVAVPRFGDWDESNASSSESFTHIFSRVRDDKSSDNHRKEKKVQQTCPCCIL
A0A287Y046_HORVV	CHAIN	chain	1	1175	(CC)(NBARC)(LRR)(OTHER)	NLR	CC-NLR	CNLO	DLRTLRGLLAKLSNAQGPPVAARHWMKDVRELSYDTADCADQFVRAVGRAKIHRAARRKIIPRLKIARLPERWKWRLWIAGRVSEFRSRAREATRRYWRYKLDDFASNPGYPGVGWELPAVLPDPGDLVGIQGPMDELHRRLIDGKEQLKVVPIVGVGGIGKTTLAQKLWSKLRGQFECRAFVRTAQKPDMRGIIRSILSQARPHQPPDRGEMHHLIRDLREYLRDKRYFIIIDDLWAISLWDVLSRAFPEGNCGSRIVTITETMEVALACCGFCPEHIFKMESLGEDDSEKLLLQRILVSGNQQFGNVLPQIKRSCGGLPLAIIVAASLLTIQPDKLEQLGCMQNSVGANHTMEGFIRQILNISFDSLPHYLKTCLLYLSTYPEGCLFLKGDLVKQWVAEGFICAKEGEDMEEVAGSYFGKLVSAGLIQAMGINYNYEVLSYSVHHMVLDLITYKSIEENFITVLDYSQTAIPVTDKVRRLSLHFGSATYATTPASIGLSEVRSLFFSGLFNCVPSFMVFKLLRVLVLHFWGDTGNTSFSLEGICELFWLRYLQVTCNVTVKLPDQIEPMKHLETLEINAEVCVVPPDIVRLSNLLHLRLGSGTNLPDGVGYMTSLRTLMYFDLGSSSEDNLWGLAELKNLRDLHLTYSLSLSSEHLKKKLIALGTSLGKLGDLKSFTLASAAAGTAILFDGSSSMYSTPVFLERLELLPPICVFSRFPKWIGQLHKLSVLKIAVRELLMNDIDSLTGLHSLTVLALCVQTAPERSIVFNDGAFPVLRYFKFRCIVLCMSFMSGAMRNLRRLKLHFNTHMGEKYGNMLAGVEHLLNLRDIAAHIGVTAEFDRKVIELAFKDAIRNHPRCPNFYVKWVDPVDEEYHPSEKQHQRQERVLSGEKHGVLEKAEATNKYADDRSSQNSDPPPSVASCSLKSESKASLETKVAESKASLGTKVAESKASQAIEVADSEAPQATEVAESEVSRAIKVAESEASQAIEIEESKASPANEIEESKASPTYLYKQQRRITRFGDWDNSEDFPYVPRAPLRGRRPRNAHLCREPAPRLYTNPGRESIPRGPSINAAGSASPVQPDSPSKLKHRAAGMHTPERRALSEVHGSSRMNQSNQRHNEVAVPRFGDWDESNASSSESFTHIFSRVRDDKSSDNHRKEKKVQQTCPCCIL
A0A287XZY9_HORVV	CHAIN	chain	1	1127	(NBARC)(LRR)(OTHER)	NLR	CC-NLR or CCR-NLR or CCG10-NLR	NLO	KIHRAARRKIIPRLKIARLPERWKWRLWIAGRVSEFRSRAREATRRYWRYKLDDFASNPGYPGVGWELPAVLPDPGDLVGIQGPMDELHRRLIDGKEQLKVVPIVGVGGIGKTTLAQKLWSKLRGQFECRAFVRTAQKPDMRGIIRSILSQARPHQPPDRGEMHHLIRDLREYLRDKRYFIIIDDLWAISLWDVLSRAFPEGNCGSRIVTITETMEVALACCGFCPEHIFKMESLGEDDSEKLLLQRILVSGNQQFGNVLPQIKRSCGGLPLAIIVAASLLTIQPDKLEQLGCMQNSVGANHTMEGFIRQILNISFDSLPHYLKTCLLYLSTYPEGCLFLKGDLVKQWVAEGFICAKEGEDMEEVAGSYFGKLVSAGLIQAMGINYNYEVLSYSVHHMVLDLITYKSIEENFITVLDYSQTAIPVTDKVRRLSLHFGSATYATTPASIGLSEVRSLFFSGLFNCVPSFMVFKLLRVLVLHFWGDTGNTSFSLEGICELFWLRYLQVTCNVTVKLPDQIEPMKHLETLEINAEVCVVPPDIVRLSNLLHLRLGSGTNLPDGVGYMTSLRTLMYFDLGSSSEDNLWGLAELKNLRDLHLTYSLSLSSEHLKKKLIALGTSLGKLGDLKSFTLASAAAGTAILFDGSSSMYSTPVFLERLELLPPICVFSRFPKWIGQLHKLSVLKIAVRELLMNDIDSLTGLHSLTVLALCVQTAPERSIVFNDGAFPVLRYFKFRCIVLCMSFMSGAMRNLRRLKLHFNTHMGEKYGNMLAGVEHLLNLRDIAAHIGVTAEFDRKVIELAFKDAIRNHPRCPNFYVKWVDPVDEEYHPSEKQHQRQERVLSGEKHGVLEKAEATNKYADDRSSQNSDPPPSVASCSLKSVVAESKASLETKVAESKASLGTKVAESKASQAIEVADSEAPQATEVAESEVSRAIKVAESEASQAIEIEESKASPANEIEESKASPTYLYKQRRITRFGDWDNSEDFPYVPRAPLRGRRPRNAHLCREPAPRLYTNPGRESIPRGPSINAAGSASPVQPDSPSKLKHRAAGMHTPERRALSEVHGSSRMNQSNQRHNEVAVPRFGDWDESNASSSESFTHIFSRVRDDKSSDNHRKEKKVQQTCPCCIL
A0A287XZT2_HORVV	CHAIN	chain	1	1220	(CC)(NBARC)(LRR)(OTHER)	NLR	CC-NLR	CNLO	MEPSPISASLGAMGSLARKLDDLLATRHRALRGSVTDEIEQLATDLRTLRGLLAKLSNAQGPPVAARHWMKDVRELSYDTADCADQFVRAVGRAKIHRAARRKIIPRLKIARLPERWKWRLWIAGRVSEFRSRAREATRRYWRYKLDDFASNPGYPGVGWELPAVLPDPGDLVGIQGPMDELHRRLIDGKEQLKVVPIVGVGGIGKTTLAQKLWSKLRGQFECRAFVRTAQKPDMRGIIRSILSQARPHQPPDRGEMHHLIRDLREYLRDKRYFIIIDDLWAISLWDVLSRAFPEGNCGSRIVTITETMEVALACCGFCPEHIFKMESLGEDDSEKLLLQRILVSGNQQFGNVLPQIKRSCGGLPLAIIVAASLLTIQPDKLEQLGCMQNSVGANHTMEGFIRQILNISFDSLPHYLKTCLLYLSTYPEGCLFLKGDLVKQWVAEGFICAKEGEDMEEVAGSYFGKLVSAGLIQAMGINYNYEVLSYSVHHMVLDLITYKSIEENFITVLDYSQTAIPVTDKVRRLSLHFGSATYATTPASIGLSEVRSLFFSGLFNCVPSFMVFKLLRVLVLHFWGDTGNTSFSLEGICELFWLRYLQVTCNVTVKLPDQIEPMKHLETLEINAEVCVVPPDIVRLSNLLHLRLGSGTNLPDGVGYMTSLRTLMYFDLGSSSEDNLWGLAELKNLRDLHLTYSLSLSSEHLKKKLIALGTSLGKLGDLKSFTLASAAAGTAILFDGSSSMYSTPVFLERLELLPPICVFSRFPKWIGQLHKLSVLKIAVRELLMNDIDSLTGLHSLTVLALCVQTAPERSIVFNDGAFPVLRYFKFRCIVLCMSFMSGAMRNLRRLKLHFNTHMGEKYGNMLAGVEHLLNLRDIAAHIGVTAEFDRKVIELAFKDAIRNHPRCPNFYVKWVDPVDEEYHPSEKQHQRQERVLSGEKHGVLEKAEATNKYADDRSSQNSDPPPSVASCSLKSVAESKASLETKVAESKASLGTKVAESKASQAIEVADSEAPQATEVAESEVSRAIKVAESEASQAIEIEESKASPANEIEESKASPTYLYKQRRITRFGDWDNSEDFPYVPRAPLRGRRPRNAHLCREPAPRLYTNPGRESIPRGPSINAAGSASPVQPDSPSKLKHRAAGMHTPERRALSEVHGSSRMNQSNQRHNEVAVPRFGDWDESNASSSESFTHIFSRVRDDKSSDNHRKEKKVQQTCPCCIL
M0YWH3_HORVV	CHAIN	chain	1	1223	(CC)(NBARC)(LRR)(OTHER)	NLR	CC-NLR	CNLO	MEPSPISASLGAMGSLARKLDDLLATRHRALRGSVTDEIEQLATDLRTLRGLLAKLSNAQGPPVAARHWMKDVRELSYDTADCADQFVRAVGRAKIHRAARRKIIPRLKIARLPERWKWRLWIAGRVSEFRSRAREATRRYWRYKLDDFASNPGYPGVGWELPAVLPDPGDLVGIQGPMDELHRRLIDGKEQLKVVPIVGVGGIGKTTLAQKLWSKLRGQFECRAFVRTAQKPDMRGIIRSILSQARPHQPPDRGEMHHLIRDLREYLRDKRYFIIIDDLWAISLWDVLSRAFPEGNCGSRIVTITETMEVALACCGFCPEHIFKMESLGEDDSEKLLLQRILVSGNQQFGNVLPQIKRSCGGLPLAIIVAASLLTIQPDKLEQLGCMQNSVGANHTMEGFIRQILNISFDSLPHYLKTCLLYLSTYPEGCLFLKGDLVKQWVAEGFICAKEGEDMEEVAGSYFGKLVSAGLIQAMGINYNYEVLSYSVHHMVLDLITYKSIEENFITVLDYSQTAIPVTDKVRRLSLHFGSATYATTPASIGLSEVRSLFFSGLFNCVPSFMVFKLLRVLVLHFWGDTGNTSFSLEGICELFWLRYLQVTCNVTVKLPDQIEPMKHLETLEINAEVCVVPPDIVRLSNLLHLRLGSGTNLPDGVGYMTSLRTLMYFDLGSSSEDNLWGLAELKNLRDLHLTYSLSLSSEHLKKKLIALGTSLGKLGDLKSFTLASAAAGTAILFDGSSSMYSTPVFLERLELLPPICVFSRFPKWIGQLHKLSVLKIAVRELLMNDIDSLTGLHSLTVLALCVQTAPERSIVFNDGAFPVLRYFKFRCIVLCMSFMSGAMRNLRRLKLHFNTHMGEKYGNMLAGVEHLLNLRDIAAHIGVTAEFDRKVIELAFKDAIRNHPRCPNFYVKWVDPVDEEYHPSEKQHQRQERVLSGEKHGVLEKAEATNKYADDRSSQNSDPPPSVASCSLKSVAESKASLETKVAESKASLGTKVAESKASQAIEVADSEAPQATEVAESEVSRAIKVAESEASQAIEIEESKASPANEIEESKASPTYLYKQRRITRFGDWDNSEDFPYVPRAPLRGRRPRNAHLCREPAPRLYTNPGRESIPRGPSINAAGSASPVQPDSPSKLKHRAAGMHTPERRALSEVHGSSRMNQSNQRHNEVAVPRFGDWDESNASSSESFTHIFSRVRDDKSSDNHRKEKKVQQVCKRNSEVKD
A0A287Y020_HORVV	CHAIN	chain	1	1267	(CC)(NBARC)(LRR)(OTHER)	NLR	CC-NLR	CNLO	LLQWPLPPSKSQSQSQSQSLGGERRRGSSSSSGGILLRGSSSPSARGMEPSPISASLGAMGSLARKLDDLLATRHRALRGSVTDEIEQLATDLRTLRGLLAKLSNAQGPPVAARHWMKDVRELSYDTADCADQFVRAVGRAKIHRAARRKIIPRLKIARLPERWKWRLWIAGRVSEFRSRAREATRRYWRYKLDDFASNPGYPGVGWELPAVLPDPGDLVGIQGPMDELHRRLIDGKEQLKVVPIVGVGGIGKTTLAQKLWSKLRGQFECRAFVRTAQKPDMRGIIRSILSQARPHQPPDRGEMHHLIRDLREYLRDKRYFIIIDDLWAISLWDVLSRAFPEGNCGSRIVTITETMEVALACCGFCPEHIFKMESLGEDDSEKLLLQRILVSGNQQFGNVLPQIKRSCGGLPLAIIVAASLLTIQPDKLEQLGCMQNSVGANHTMEGFIRQILNISFDSLPHYLKTCLLYLSTYPEGCLFLKGDLVKQWVAEGFICAKEGEDMEEVAGSYFGKLVSAGLIQAMGINYNYEVLSYSVHHMVLDLITYKSIEENFITVLDYSQTAIPVTDKVRRLSLHFGSATYATTPASIGLSEVRSLFFSGLFNCVPSFMVFKLLRVLVLHFWGDTGNTSFSLEGICELFWLRYLQVTCNVTVKLPDQIEPMKHLETLEINAEVCVVPPDIVRLSNLLHLRLGSGTNLPDGVGYMTSLRTLMYFDLGSSSEDNLWGLAELKNLRDLHLTYSLSLSSEHLKKKLIALGTSLGKLGDLKSFTLASAAAGTAILFDGSSSMYSTPVFLERLELLPPICVFSRFPKWIGQLHKLSVLKIAVRELLMNDIDSLTGLHSLTVLALCVQTAPERSIVFNDGAFPVLRYFKFRCIVLCMSFMSGAMRNLRRLKLHFNTHMGEKYGNMLAGVEHLLNLRDIAAHIGVTAEFDRKVIELAFKDAIRNHPRCPNFYVKWVDPVDEEYHPSEKQHQRQERVLSGEKHGVLEKAEATNKYADDRSSQNSDPPPSVASCSLKSVAESKASLETKVAESKASLGTKVAESKASQAIEVADSEAPQATEVAESEVSRAIKVAESEASQAIEIEESKASPANEIEESKASPTYLYKQRRITRFGDWDNSEDFPYVPRAPLRGRRPRNAHLCREPAPRLYTNPGRESIPRGPSINAAGSASPVQPDSPSKLKHRAAGMHTPERRALSEVHGSSRMNQSNQRHNEVAVPRFGDWDESNASSSESFTHIFSRVRDDKSSDNHRKEKKVQQTCPCCIL
A0A453GTZ9_AEGTS	CHAIN	chain	1	1263	(CC)(NBARC)(LRR)(OTHER)	NLR	CC-NLR	CNLO	MEPSPFSASLGAMGSLKRKLDELLATRHWALRGAVTDEIEQLAADLRTLHDLLAKLSNAQDPPVAARYWMKDVRELSYDMADCADHFIRAKIHRAARRKIIARLKISRLPQRWRWKWRPWIADKVSEFRSRAQEATRRYWRYKFDDCASDPGNSGVGSLEIPAVSPDLGDLVGMQGPMDELHRRLTSGGEQLKVVPIVGEGGIGKTTLAQKLWSKLRGQFECRAFVRTAQKPDMRGIIRSILSQVRRLQPPDPGEMYHLIRDLREYLRNKRYFIIIDDLWAISVWDVLSRAFPEGNCCSRIVTTTETMEVALACCGFCPEHVFKMESLGEDDSEKLLLQRIPLVSGNQQFDNVLPQIKRNCGGLPLAIIIAASLLAIQPEKLEQLGCMQNSVGVNHNIEGFMRQILNISFDSLPHYLKTCMLYLSTYSEGCLFLKSDLVKQWVAEGFICAEEGDDMEEVAGSYFDKLVSAGLIQAMDINCNYEVLSYSVHHMVLDLITYKSIEENFITVVDYSQTAIPVIDKVRRLSLHFGSATYATTPASIGLSQVRSLFFSGMFNCVPSFMVFKLLRVLVLHFWGDIGNTSFSLEGICELFWLRYLQVTCNVIIKLPDQIEPMKHLETLEINAEVCAVPPDIVRLSNLLHLRLGSGKNLPDGVGCMRSLRTLMYFDLGSSSEDNLWELGELTNLWVLHLTYSSSLSCEHLKKKLTALGTSLGKLGNLKSFTLASGAAGTAVLFDGSGSMYSTPVFLERLELLPPICVFSRFPKWIGQLHKLRVLKIAVRELLMNDIDSLTGLHSLTVLSLCVQTAPERRIVFNDGAFPVLKYFKFRCGVLYMSFMSGALCNLWRLKLHFNTHIGEKYDNMLAGVEHLLNLRDIAAQIGVTAESDKKVIESPFKDAISNHPRCPNFHVKWVDPIEEEHHQRQERGLSGEKHGVLEKAEARNKYADDWLSQNSDLPSSVASCRLKSELKTSQETEVSVSEVPQATEVSESKVSLATLVAESKVSQATEIEESEASPATKVAESKVSEATKVSESEVSPATLVVESKVSQATEIEESEASPATEVAESEVPQATYARRRSLVPKFGDWEDSEDVPYTPVVVGARKNKKTGIYSNPNEPGHHTEPPRRSPLNPNEPVAQRHTNPQWDQGGNGSTSRSPYRSVAGSASPMHMAAGMLASERRALSVVHGPSRMNQSNPGYNRDDEVAVLPFGEWDEANVASGEKYTGIFNRVRDDKLSPGSSARQQPSGYRREEKKARQTCSCCIL
A0A453GU37_AEGTS	CHAIN	chain	1	1266	(CC)(NBARC)(LRR)(OTHER)	NLR	CC-NLR	CNLO	MEPSPFSASLGAMGSLKRKLDELLATRHWALRGAVTDEIEQLAADLRTLHDLLAKLSNAQDPPVAARYWMKDVRELSYDMADCADHFIRAKIHRAARRKIIARLKISRLPQRWRWKWRPWIADKVSEFRSRAQEATRRYWRYKFDDCASDPGNSGVGSLEIPAVSPDLGDLVGMQGPMDELHRRLTSGGEQLKVVPIVGEGGIGKTTLAQKLWSKLRGQFECRAFVRTAQKPDMRGIIRSILSQVRRLQPPDPGEMYHLIRDLREYLRNKRYFIIIDDLWAISVWDVLSRAFPEGNCCSRIVTTTETMEVALACCGFCPEHVFKMESLGEDDSEKLLLQRIPLVSGNQQFDNVLPQIKRNCGGLPLAIIIAASLLAIQPEKLEQLGCMQNSVGVNHNIEGFMRQILNISFDSLPHYLKTCMLYLSTYSEGCLFLKSDLVKQWVAEGFICAEEGDDMEEVAGSYFDKLVSAGLIQAMDINCNYEVLSYSVHHMVLDLITYKSIEENFITVVDYSQTAIPVIDKVRRLSLHFGSATYATTPASIGLSQVRSLFFSGMFNCVPSFMVFKLLRVLVLHFWGDIGNTSFSLEGICELFWLRYLQVTCNVIIKLPDQIEPMKHLETLEINAEVCAVPPDIVRLSNLLHLRLGSGKNLPDGVGCMRSLRTLMYFDLGSSSEDNLWELGELTNLWVLHLTYSSSLSCEHLKKKLTALGTSLGKLGNLKSFTLASGAAGTAVLFDGSGSMYSTPVFLERLELLPPICVFSRFPKWIGQLHKLRVLKIAVRELLMNDIDSLTGLHSLTVLSLCVQTAPERRIVFNDGAFPVLKYFKFRCGVLYMSFMSGALCNLWRLKLHFNTHIGEKYDNMLAGVEHLLNLRDIAAQIGVTAESDKKVIESPFKDAISNHPRCPNFHVKWVDPIEEEHHQRQERGLSGEKHGVLEKAEARNKYADDWLSQNSDLPSSVASCRLKSVIAELKTSQETEVSVSEVPQATEVSESKVSLATLVAESKVSQATEIEESEASPATKVAESKVSEATKVSESEVSPATLVVESKVSQATEIEESEASPATEVAESEVPQATYARRRSLVPKFGDWEDSEDVPYTPVVVGARKNKKTGIYSNPNEPGHHTEPPRRSPLNPNEPVAQRHTNPQWDQGGNGSTSRSPYRSVAGSASPMHMAAGMLASERRALSVVHGPSRMNQSNPGYNRDDEVAVLPFGEWDEANVASGEKYTGIFNRVRDDKLSPGSSARQQPSGYRREEKKARQTCSCCIL
A0A6G1CAD2_9ORYZ	CHAIN	chain	1	1075	(CC)(NBARC)(LRR)(OTHER)	NLR	CC-NLR	CNLO	MEAPTSASLGAMLSLLRKLHDLLAPESQLIKPLKDGIDLLKQDLERVHAAMVELSETETPTKMASHWMNEVRDLSYDIEDYIGNTMHSYSNSGADLESIDCGRIGEFGASVRDARQRHEIYGLGRCTSRFTCVQIPAPNWKGTSLVGIEKSKIELTNKLTNDAEPQLKVVSILGCGGIGKTALAKQVFRELGGRFECRAFVQASRMPDTKRLLRSMLSQVRRHSQLPADRCTVQDLIDNICGHIQDKRYFIVIDDLWETTSWDIVNSAFPKGHDCSRILMTTAIEDIALECCDYQCDDICKMKPISRDDSANLFFNSVFGSEQNCSEQLREVSSEIVRNCGGLPLGIINIARLLASEMDNLELWCHVQKYLSSSMATNHTSEDILRNIVRFSYKSLPRHLKTCLQYLTMYPEGCIICKADLVKQWAAEGFIRETKGEDANAVADSYFDELVSKGMVQPNNRTYSDEVLSCTVHHMVFDVIKDMSVEENFTTAVDYSQPITRLPFKVRRLSLHVSNTKYATKPAHISLSQARSLNFYGLAECLPSTLEFKQLRVLILEFWGDQEEFDLRGIFRLFQLRYVQVTTDMIVKLPATIQSLQYLETLQLNARVANVPSDIVYLPKLLHFRLRDVTNLPDNIGRMVSLCTLESLDLSNISEQNVWGLGEMMNLQDLQLNCSTELSGRLKRNLTALASSLGKFGKLRTLILAPSGTSMYMDCSSSVSSPPLSLQRLELLPPICIFSRLPKWIGQLKRLCILKIVVRELLSNDVHGLTMLPELTVLSLNVQQSTEETIVFNRKAFPVLKYFKFRCGVLRIAFQAEAMPNLQKLKIEFNAHRGEQYGDMLTGIEHLLKLQEIIGRIGAPAAAEESDKKAAESALSDATKKHSRIFRFNIRWINWVEEEVFMISDPPERSSRSDEEKQKANEQDATNKPSGTEIVIEDSSFSREPSYVVSQAYQVEIESTELADASGSLSHPTHNPRRKHLPINFPRNCADTAADRWQPRRESVVPKFGEWDSTTPEAGERFTGIFSRVREEKQSQAGKPSGFGNDATHRHGKFSTRHKDGYTSKKLCTCFGWCR
A0A0E0IZU7_ORYNI	CHAIN	chain	1	1171	(CC)(NBARC)(LRR)(OTHER)	NLR	CC-NLR	CNLO	MEMEVPTSASMGAMGSLLRKLHVLLTPEYQQLIEPVKDGIELLLQDLEAVKAAMVDLSEMETPTMMARHWMNEVRDLSYDIEDYIDNTMDSCSNSGADLESFDCGRIGEFGASIEEARQRHEIYELGRCTSRFTCPQIPAPNWKGINLVGMGKSKVELTNKLTDGSLPQLKVVSILGCAGVGKTALAKQVFCELRGRFECRAFVQVSRMPDTKRLLRSMLSQFRRHNRLPADRCTVQDLIDNIRDHIQDKRYFIVIDDLWETTSWDIINSAFPKGQDCSRILMTTTIEDVALECCDYQSDDICKMKPLSRDDSLNLFLNSAFGSEQNCSERLREVSTEIVRNCGGLPLGIINIARLLASEVDNLELWHHVQKHLSSSMATNHTSEDKLRNIVRLCYRCLPCRLKTCLQYLTMYPEGCIIWKADLVKQWTAEDFIRETEREDANAVADSYFDELVSRGMMQPNNRTYSDMVLSCTVHHMVFDVVKDMSVEENFTTALDYSQPITRLNFKIRRLSLHVSNTKYATKPVHISLSQARSLNFYGLAECLPSTLQFKQLRVLMLEFWDDQEEFDLRGIFRLLQLRYVQVTTDMIVKLPATVQSLQYLETLQLNARVANVPSDIVHLPKLLHLRLRDVANLPDNIGCMASLCTLESLDLSNNSEQNVWGLGEMTNLQELYLNCSAELSGRLKRNLTALASSLGKLRKLRTLILAPSSGTSMYMDCSSIVSSPPLCLQRLELLPTICIFSRLPKWIGQLKRLRILKIVVRELLCSDVHSLTMLQELTVLSLDVQQSTEETIVFNDKAFPVLKYFKFRCGVLRLAFQAEAMPNLRKLKIEFNVHRGEQYGDILTGIEHLLNLQEIIGQIGAAAGAEESDKRAAEFALSDATKKHSRISRFNIRWINCVEEEVSKISDLQGISSSSDEEKQKANEPSGTDITIEDESPFSHEPNYDVPRAYKAEIESEEVPHAELADASRTSDSIDNRRRQRRSIEPSSFSRDRLSQPRKHSVASAVPKFGEWDSPLRPADNYTGIFNKVREEKRSQVEKPSVFDKDDLLVRRTRSRNDGHASTAVNYQFWASAAPYPPMVRRTRQRRRLAGNGCDVRGEEVLVWQRDIYGTPSLLGVGFEGRRDKGRRATARGMRRLPVISVLQLRRARRPPCRYLPMVVSVHHNQTSH
A0A3L6Q3Z7_PANMI	CHAIN	chain	1	1178	(CC)(NBARC)(LRR)(OTHER)	NLR	CC-NLR	CNLO	MEGRQMMMSSSLGAMGPLLGKLHKQLSSPEHQLPGSLKDGIEHLKQDLEELTSFLVDLSMLEGPNAMVQRWMSEVRELSYDMEDYVDSTMGSREMNREVLAVLKQFRNLVKQARERHERYELSRWASDPSCAVADDGRDQPHCFNGKKKATDLVGIDGSRGELVGWLKPLGDDVGDEVEERVRVVSILGPAGVGKSTLAQEVYREIGGQFERRAFVRASRVPDARRLLRSIISQVRRHGRPPCGLPVQELVDNLRTHLQQKRYFIVIDGLWETTSWDIIRNAFPDGAHCSSVLITTDIEEVALECCDYQSNAGTTWAPESMLGSDSHFHAQVGIFKMEPLSIDDSMDLFFNRVFGSKPDLSEQLKKHSEDIIRKCSGLPLATTIIASVLACQPDNPELWSHVKECLSPINSLSSEDMLKEIIGLSYYSLSQQLKTCLLYFSLYPEGYAFLKTDLVKQWTAEGFISAVAGKGANEVAECCFDELVSRGLVQSNHTSLADEVMVYTVHSTVFDVMRLKSVEENFTTVIDYSETIPKLSAKVRRLSLSFSNAKYATKPEGFTLSPVRSLTFYGPVECLPSIVEFKLLRVLILEFWGDREMFDLSGICILLQLRYFRVTADFIIKLPVKMRGLKYLETLEIYASVLTVPTDIVHLPKLLHLHLQGDVKLPDYVGQLRSLRTLQSFGLSSNSEDNVRTLGEMTNLHDLHITCCTALSDHLERNLIALASSIGKHENLKTLTLTPGVSCPSIYTDCLLILSPPPIFLEKLILLPPICLFSRLPEWIGRLQKLCILKIVVRELRRDDVNRIAGLKELTVLSLYVRQPTAQSIIFNSAAFPVLKYLKFRCGVLRLAFQAEAIPKLRRLKLEFNAHSGEQYGDMLAGIEHLSNLQELAVRVGAAPGAEESDKMAAESVLKETISKHSRHLSFSVRRANSFEEEIPQFSDPAPSSSHLDELLNRSTMVDVTSQPNEIDEVQEVSLSSEYKGANDPIKQTNQHQGVSKFGSWEDQGTHLYANDFETAGKAKSVSQNYTKGDPEALSKDPPSAKASPPRTGSDPVVQKSRDERRANRQDDLCRQQARIVRQGGVSSLSWEDRGSSEGSRATAPTTPERYKPDRGSAVPKFGEWEEASVGESFTAIFNRVREDKRSSDAPATARTSGAAYNRSDQGRKYKLSCSCCGWSRN
A0A3L6PIH5_PANMI	CHAIN	chain	1	972	(CC)(NBARC)(OTHER)	NLR	CC-NLR	CNO	MAGQMMSSSLGAMGSLLGKLHTQLTSPEHQLPESLKDGIEHLKQDLQELNSFLVDLSRLEGPNAMVKRWMSEVRELSYDVEDYVDSTMRPNNTMGSREMNKEILSVLKHFRSLVKQARERHERYELSRWASSNPSSTATDRRYQLHCLNGKKATDLVGIDESRGELVRWLKPLSNAGDAEERLKVKVVSILGPAGVGKSTLAREVYREIGGQFDRRAFVRASRVPDARRLLRSMISQVRRHQRPPWGLRVQELVDNLRTHLQQKRYFIVIDGLWETTSWDIIRNAFPEGAHCSRVLITTDIEEVALECCDYQSNAGSTWAPGSVLEMEPLSIDDSRDLFFNTVFGSKPDFSEELKKYSEDIIRKCSGLPLATTIIASVFACQPDNPELWSHVKECLSPINNLSSEDMLKEIIGLSYYSLSQQLKTCLLYFSLYPEGYTFLKTDLVKQWTAEGFVSAVAGKGANEVAECYFDELVSRGLEHSNHLSLADEVVVYTVHSTIFDVMRRKSVEENFTTVIDYSETIPKLSAKVRRLSLSFSNAKYATKPAGFTLSPVRSLTFYGLVECLPSIMEFKLLRVLILEFWGDREMFDLSGICILLQLRRDDVNRIAGLKELTVLSLYVRQPTGQSIIFNSAAFPVLKYLKFRCGVLRLAFQAEAMPNLRRLKLEFNAHSGEQYGDMLAGIEHLSNLQEIAVRVGAAPGAEESDKMAAESVLKETISKHSRHLSFSVRRTNFFEEEKNIFYRSDELLMNRPTMVDVTAQPNEIDEVQEVSLSSEYRGANDPVKQTDQHQGVSTTARKAKSAGRSASQNKKGDPEALSKDPPSAKASPPRTGSDQVVQKSRNKRRANRPGRLVLQAGVSSLSWEHKGSPERSRATALTRPGRSNVRSSGCGYEMPERESPVPAFGEWDGWEETFVSEGYTDIFNRVREEKQSSDAPARTNGAAYNRSDQGRKYKLKRMSTASQKTVAKVTMY
A0A0D9XCJ8_9ORYZ	CHAIN	chain	1	1178	(CC)(NBARC)(LRR)	NLR	CC-NLR	CNL	MPPHPPRAARPPSAAVDGCPAMGPKSTAAPLPLPHPYRHSCRLSGPLGSAHEGCEAPKLPSPPGGARGRAALHATVVAAGEFSSAWTAEELSVFLFLASSPPNNRIPKVQKTCLMATAGAAVDRLLRRLASDGGRLELPSSIDEDMAHVRRTLARLQDVLQTVEGNYFKMSTEVQEWMRKIKHIASGIEDMLDEFEDSSDAGSQRDGSFITEATSSCSSTPFFCHPSRPQRIRALKRKLDLSTKDTAVFSLLQHSIPDLNKSNEQEVLFHGNEIIGRDTDKENIKSLLLNDLEKVSIIPIVGLAGLGKTALAKLIFHDQGEGWNFDQRIWVHLDRKLDLNKIANDIISQVNQLGDTTMNQIQNNLQLKKSCLQEVLCDQSSLIVLDGLFSTEENQLLELKDMLRGTKKGTKIIVTTSSEISAELIHTVPPYKLGPLSEADCWTIFCQRAFDDGRENIRLTEIAKQIVKRCEGIPVVAYSLGSMVRNKDEDAWLYARDKELWELPKIFPNGFEVLASFSEMYLCMPSPLKSCFAYLSTIPRGTIIDREKLIEQWIALDMVGSKHGTLPAYVQGEMFIQKLLSMYFLQVRNKLSVTRIRDTNYSKELRIHNLVHDFAMYVARDDLIILDGGEKATSLRKNISAFYGVVKNDTGQSALRKGLLSSARAVHFKNCKAEKLLVEAFSVLNHLRVLDLSGCCIVELPDFISNLRHLRYLDVSYSRILSLSSQLTSLSNLEVLDLSETSLEFLPSSIGSFEKLKYLNLQGCDKLVNLPPFLCDLKRLENLNLSYCYGITELPTNVWKLHELRFLDLSSCTDLQELPYLFGKLGSLEDLNMSKCSKLAQLPESLGDLFYLRSLNLSSCSGLRMLPESLKNLTNLEYINLSNIGESIDFNQIQQLRHILKKSIFSGDIGGSQIQTCELAADSADIKKQITKDYSTNMHGIITLPPKGSTEQRSGENSEQLLSAAYREDSSSTDVSAYVTTVESSLMGGLRRPTRLDVPTNTMASQVGLAQMPSYKDKAGSHLILAGAQTPETELVVHKSVRWNDKIEYSCPRNSKTTRSASLVRLTDLSTPKKSYGKMHSMPALAYSSIPKKSYGGTYLMRARAIASSYRNRRYSPQRWSQHVGHEGPDEDELVVVPPFGEWDESPTLRKSDLRYEKIFARLTEEKISCQRQKPQQV
A0A0D9XCJ7_9ORYZ	CHAIN	chain	1	1194	(CC)(NBARC)(LRR)	NLR	CC-NLR	CNL	MPPHPPRAARPPSAAVDGCPAMGPKSTAAPLPLPHPYRHSCRLSGPLGSAHEGCEAPKLPSPPGGARGRAALHATVVAAGEFSSAWTAEELSVFLFLASSPPNNRIPKVQKTCLMATAGAAVDRLLRRLASDGGRLELPSSIDEDMAHVRRTLARLQDVLQTVEGNYFKMSTEVQEWMRKIKHIASGIEDMLDEFEDSSDAGSQRDGSFITEATSSCSSTPFFCHPSRPQRIRALKRKLDLSTKDTAVFSLLQHSIPDLNKSNEQEVLFHGNEIIGRDTDKENIKSLLLNDLEKVSIIPIVGLAGLGKTALAKLIFHDQGEGWNFDQRIWVHLDRKLDLNKIANDIISQVNQLGDTTMNQIQNNLQLKKSCLQEVLCDQSSLIVLDGLFSTEENQLLELKDMLRGTKKGTKIIVTTSSEISAELIHTVPPYKLGPLSEADCWTIFCQRAFDDGRENIRLTEIAKQIVKRCEGIPVVAYSLGSMVRNKDEDAWLYARDKELWELPKIFPNGFEVLASFSEMYLCMPSPLKSCFAYLSTIPRGTIIDREKLIEQWIALDMVGSKHGTLPAYVQGEMFIQKLLSMYFLQVRNKLSVTRIRDTNYSKELRIHNLVHDFAMYVARDDLIILDGGEKATSLRKNISAFYGVVKNDTGQSALRKGLLSSARAVHFKNCKAEKLLVEAFSVLNHLRVLDLSGCCIVELPDFISNLRHLRYLDVSYSRILSLSSQLTSLSNLEVLDLSETSLEFLPSSIGSFEKLKYLNLQGCDKLVNLPPFLCDLKRLENLNLSYCYGITELPTNVWKLHELRFLDLSSCTDLQELPYLFGKLGSLEDLNMSKCSKLAQLPESLGDLFYLRSLNLSSCSGLRMLPESLKNLTNLEYINLSNIGESIDFNQIQQLRHILKKSIFSGDIGGSQIQTCELAADSADIKKQITKDYSTNMHGIITLPPKGSTEQRSGENSEQLLSAAYREDSSSTDVSAYVTTVESSLMGGLRRPTRLDVPTNTMASQVGLAQMPSYKDKAGSHLILAGAQTPETELVVHKSVRWNDKIEYSCPRNSKTTRSASLVRLTDLSTPKKSYGKMHSMPALAYSSIPKKSYGGTYLMRARAIASSYRNRRYSPQRWSQHVGHEGPDEDELVVVPPFGEWDESPTLRKSDLRYEKIFARLTEEKISCQRQKPQQDVLAGLPSLRQTDTRLR
A0A0E0LZX0_ORYPU	CHAIN	chain	1	1044	(CC)(NBARC)(LRR)	NLR	CC-NLR	CNL	MATAGAAVDRLLRRLASGAGRLELPSSIDEDMAHVKRTLARLQDVLLTIEGRYFKMGTEVQEWMRKIKQIAYSIQDLLDEFEDSSGAGSQRNGSRISEHSLSDLDKSNEQEVLFHRTEIIGRDTDKENIKILLLQNDVDKLPIIPIVGLAGLGKTAVAKLIFHDQGEGWNFDQRIWVHLDRKLDLNKIANSIISQVNQSGDSTKNQIQNNLQFKRNCLQEVLCDQSSLIVLDDLFSTEENQIAELKEVLRGTKKGTKIIVTTSSEISAELIHTVPPYKLGPLSEGDCSTIFCQRAFGDGHENSSLTEIAKQIVKRCEGIPAVAYSLGSLLRNKNEEAWLYARDKEIWELPTLFPNGFELFASFSEMYLCMPSALKSCFAYLSTIPKRTIIDREKLIEQWIALDMVGSKHGTLPAYVQGEMFIQQLLSISFLQVRNKPSATRIRDTNHYKELRIHNLVHDFAMYVARDDLIILDGGEKATSLRKNIPVFYGVVNNDIGQSALRKGLLSSARAVHFNNCKSEKLLVEAFSVLNHLRVLDLSGCCIVELPDFISNLRHLRYLDVSYSRILSLSTQLTSLSNLEVLDLSETSLELLPSSIGSFEKLKYLNLQGCDKLVNLPPFVCDLKRLENLNLSYCYGITRLPSNLWKLHELRILDLSSCTDLQEMPYLFGKLASLEDLSMSKCSKLEQLPESLGDLCYLRSFNLSGCSGLKMLPESLKNLTNLEYINLSNIGESIDFNQIQQLRHILKKTFFSGDIGGSELQTCEHNADSADSKKEITMDFCANMHGNITLPPKCSTAEEKSGENSERFLSAAFREDSSSTDVSTYVKPVVSSLIGGLRRPVRLDVPAGTMASQVGLAQMPSNDGKTGPHPTMAAAQTPETEPVHKRVRWDDKIDWWDDKIDYSRPPNSKPTRSASLVQSSDLSTPKKSYEKIHSMPVVYSSILKKNSGGTCLMPAKAIASSYRRYSPQRREQHVGYQGTDEDELVVVPPFGEWDESPTLRKSDFRYEKVFAKLTEEKMSGQRQKPQQRQTRNERFGAVWHAELL
A0A453GU18_AEGTS	CHAIN	chain	1	817	(LRR)	degenerate NLR	CC-NLR or CCR-NLR or CCG10-NLR	L	ISFDSLPHYLKTCMLYLSTYSEGCLFLKSDLVKQWVAEGFICAEEGDDMEEVAGSYFDKLVSAGLIQAMDINCNYEVLSYSVHHMVLDLITYKSIEENFITVVDYSQTAIPVIDKVRRLSLHFGSATYATTPASIGLSQVRSLFFSGMFNCVPSFMVFKLLRVLVLHFWGDIGNTSFSLEGICELFWLRYLQVTCNVIIKLPDQIEPMKHLETLEINAEVCAVPPDIVRLSNLLHLRLGSGKNLPDGVGCMRSLRTLMYFDLGSSSEDNLWELGELTNLWVLHLTYSSSLSCEHLKKKLTALGTSLGKLGNLKSFTLASGAAGTAVLFDGSGSMYSTPVFLERLELLPPICVFSRFPKWIGQLHKLRVLKIAVRELLMNDIDSLTGLHSLTVLSLCVQTAPERRIVFNDGAFPVLKYFKFRCGVLYMSFMSGALCNLWRLKLHFNTHIGEKYDNMLAGVEHLLNLRDIAAQIGVTAESDKKVIESPFKDAISNHPRCPNFHVKWVDPIEEEHHQRQERGLSGEKHGVLEKAEARNKYADDWLSQNSDLPSSVASCRLKSVIAELKTSQETEVSVSEVPQATEVSESKVSLATLVAESKVSQATEIEESEASPATKVAESKVSEATKVSESEVSPATLVVESKVSQATEIEESEASPATEVAESEVPQATYARRRSLVPKFGDWEDSEDVPYTPVVVGARKNKKTGIYSNPNEPGHHTEPPRRSPLNPNEPVAQRHTNPQWDQGGNGSTSRSPYRSVAGSASPMHMAAGMLASERRALSVVHGPSRMNQSNPGYNVGHYNPWFLIGPEIYLHTSHVSG
Pii-2	MOTIF	P-loop	186	206	(CC)(NBARC)(LRR)	NLR	CC-NLR	CNL	PIVGLAGLGKTAVAKLIFHEQ
A0A0D3GFF5_9ORYZ	MOTIF	P-loop	314	334	(OTHER)(CC)(NBARC)(LRR)	NLR	CC-NLR	OCNL	CVVGMGGLGKTTLARKAYENK
A0A287Y046_HORVV	MOTIF	P-loop	153	173	(CC)(NBARC)(LRR)(OTHER)	NLR	CC-NLR	CNLO	PIVGVGGIGKTTLAQKLWSKL
A0A287XZY9_HORVV	MOTIF	P-loop	103	123	(NBARC)(LRR)(OTHER)	NLR	CC-NLR or CCR-NLR or CCG10-NLR	NLO	PIVGVGGIGKTTLAQKLWSKL
A0A287XZT2_HORVV	MOTIF	P-loop	197	217	(CC)(NBARC)(LRR)(OTHER)	NLR	CC-NLR	CNLO	PIVGVGGIGKTTLAQKLWSKL
M0YWH3_HORVV	MOTIF	P-loop	197	217	(CC)(NBARC)(LRR)(OTHER)	NLR	CC-NLR	CNLO	PIVGVGGIGKTTLAQKLWSKL
A0A287Y020_HORVV	MOTIF	P-loop	244	264	(CC)(NBARC)(LRR)(OTHER)	NLR	CC-NLR	CNLO	PIVGVGGIGKTTLAQKLWSKL
A0A453GTZ9_AEGTS	MOTIF	P-loop	196	216	(CC)(NBARC)(LRR)(OTHER)	NLR	CC-NLR	CNLO	PIVGEGGIGKTTLAQKLWSKL
A0A453GU37_AEGTS	MOTIF	P-loop	196	216	(CC)(NBARC)(LRR)(OTHER)	NLR	CC-NLR	CNLO	PIVGEGGIGKTTLAQKLWSKL
A0A6G1CAD2_9ORYZ	MOTIF	P-loop	171	191	(CC)(NBARC)(LRR)(OTHER)	NLR	CC-NLR	CNLO	SILGCGGIGKTALAKQVFREL
A0A0E0IZU7_ORYNI	MOTIF	P-loop	174	194	(CC)(NBARC)(LRR)(OTHER)	NLR	CC-NLR	CNLO	SILGCAGVGKTALAKQVFCEL
A0A3L6Q3Z7_PANMI	MOTIF	P-loop	186	206	(CC)(NBARC)(LRR)(OTHER)	NLR	CC-NLR	CNLO	SILGPAGVGKSTLAQEVYREI
A0A3L6PIH5_PANMI	MOTIF	P-loop	189	209	(CC)(NBARC)(OTHER)	NLR	CC-NLR	CNO	SILGPAGVGKSTLAREVYREI
A0A0D9XCJ8_9ORYZ	MOTIF	P-loop	299	319	(CC)(NBARC)(LRR)	NLR	CC-NLR	CNL	PIVGLAGLGKTALAKLIFHDQ
A0A0D9XCJ7_9ORYZ	MOTIF	P-loop	299	319	(CC)(NBARC)(LRR)	NLR	CC-NLR	CNL	PIVGLAGLGKTALAKLIFHDQ
A0A0E0LZX0_ORYPU	MOTIF	P-loop	145	165	(CC)(NBARC)(LRR)	NLR	CC-NLR	CNL	PIVGLAGLGKTAVAKLIFHDQ
Pii-2	MOTIF	RNBS-D	415	443	(CC)(NBARC)(LRR)	NLR	CC-NLR	CNL	LKSCFAYLSTIPKGTIIDREKLIEQWIAL
A0A0D3GFF5_9ORYZ	MOTIF	RNBS-D	552	580	(OTHER)(CC)(NBARC)(LRR)	NLR	CC-NLR	OCNL	LKPCFLYLSIFPEDFEIQRGRLVDRWIAE
A0A287XZS2_HORVV	MOTIF	RNBS-D	109	137	(PLOOP)(LRR)(OTHER)	degenerate NLR	CC-NLR or CCR-NLR or CCG10-NLR	PLO	LKTCLLYLSTYPEGCLFLKGDLVKQWVAE
A0A287Y046_HORVV	MOTIF	RNBS-D	373	401	(CC)(NBARC)(LRR)(OTHER)	NLR	CC-NLR	CNLO	LKTCLLYLSTYPEGCLFLKGDLVKQWVAE
A0A287XZY9_HORVV	MOTIF	RNBS-D	323	351	(NBARC)(LRR)(OTHER)	NLR	CC-NLR or CCR-NLR or CCG10-NLR	NLO	LKTCLLYLSTYPEGCLFLKGDLVKQWVAE
A0A287XZT2_HORVV	MOTIF	RNBS-D	417	445	(CC)(NBARC)(LRR)(OTHER)	NLR	CC-NLR	CNLO	LKTCLLYLSTYPEGCLFLKGDLVKQWVAE
M0YWH3_HORVV	MOTIF	RNBS-D	417	445	(CC)(NBARC)(LRR)(OTHER)	NLR	CC-NLR	CNLO	LKTCLLYLSTYPEGCLFLKGDLVKQWVAE
A0A287Y020_HORVV	MOTIF	RNBS-D	464	492	(CC)(NBARC)(LRR)(OTHER)	NLR	CC-NLR	CNLO	LKTCLLYLSTYPEGCLFLKGDLVKQWVAE
A0A453GTZ9_AEGTS	MOTIF	RNBS-D	417	445	(CC)(NBARC)(LRR)(OTHER)	NLR	CC-NLR	CNLO	LKTCMLYLSTYSEGCLFLKSDLVKQWVAE
A0A453GU37_AEGTS	MOTIF	RNBS-D	417	445	(CC)(NBARC)(LRR)(OTHER)	NLR	CC-NLR	CNLO	LKTCMLYLSTYSEGCLFLKSDLVKQWVAE
A0A6G1CAD2_9ORYZ	MOTIF	RNBS-D	400	428	(CC)(NBARC)(LRR)(OTHER)	NLR	CC-NLR	CNLO	LKTCLQYLTMYPEGCIICKADLVKQWAAE
A0A0E0IZU7_ORYNI	MOTIF	RNBS-D	403	431	(CC)(NBARC)(LRR)(OTHER)	NLR	CC-NLR	CNLO	LKTCLQYLTMYPEGCIIWKADLVKQWTAE
A0A3L6Q3Z7_PANMI	MOTIF	RNBS-D	433	461	(CC)(NBARC)(LRR)(OTHER)	NLR	CC-NLR	CNLO	LKTCLLYFSLYPEGYAFLKTDLVKQWTAE
A0A3L6PIH5_PANMI	MOTIF	RNBS-D	423	451	(CC)(NBARC)(OTHER)	NLR	CC-NLR	CNO	LKTCLLYFSLYPEGYTFLKTDLVKQWTAE
A0A0D9XCJ8_9ORYZ	MOTIF	RNBS-D	528	556	(CC)(NBARC)(LRR)	NLR	CC-NLR	CNL	LKSCFAYLSTIPRGTIIDREKLIEQWIAL
A0A0D9XCJ7_9ORYZ	MOTIF	RNBS-D	528	556	(CC)(NBARC)(LRR)	NLR	CC-NLR	CNL	LKSCFAYLSTIPRGTIIDREKLIEQWIAL
A0A0E0LZX0_ORYPU	MOTIF	RNBS-D	374	402	(CC)(NBARC)(LRR)	NLR	CC-NLR	CNL	LKSCFAYLSTIPKRTIIDREKLIEQWIAL
A0A453GU18_AEGTS	MOTIF	RNBS-D	10	38	(LRR)	degenerate NLR	CC-NLR or CCR-NLR or CCG10-NLR	L	LKTCMLYLSTYSEGCLFLKSDLVKQWVAE
Pii-2	MOTIF	GLPL	357	377	(CC)(NBARC)(LRR)	NLR	CC-NLR	CNL	CEGIPAVAYSLGSLVRNKNKE
A0A0D3GFF5_9ORYZ	MOTIF	GLPL	495	515	(OTHER)(CC)(NBARC)(LRR)	NLR	CC-NLR	OCNL	CGYLPLAILTIGGILATKKIM
A0A287XZS2_HORVV	MOTIF	GLPL	53	73	(PLOOP)(LRR)(OTHER)	degenerate NLR	CC-NLR or CCR-NLR or CCG10-NLR	PLO	CGGLPLAIIVAASLLTIQPDK
A0A287Y046_HORVV	MOTIF	GLPL	317	337	(CC)(NBARC)(LRR)(OTHER)	NLR	CC-NLR	CNLO	CGGLPLAIIVAASLLTIQPDK
A0A287XZY9_HORVV	MOTIF	GLPL	267	287	(NBARC)(LRR)(OTHER)	NLR	CC-NLR or CCR-NLR or CCG10-NLR	NLO	CGGLPLAIIVAASLLTIQPDK
A0A287XZT2_HORVV	MOTIF	GLPL	361	381	(CC)(NBARC)(LRR)(OTHER)	NLR	CC-NLR	CNLO	CGGLPLAIIVAASLLTIQPDK
M0YWH3_HORVV	MOTIF	GLPL	361	381	(CC)(NBARC)(LRR)(OTHER)	NLR	CC-NLR	CNLO	CGGLPLAIIVAASLLTIQPDK
A0A287Y020_HORVV	MOTIF	GLPL	408	428	(CC)(NBARC)(LRR)(OTHER)	NLR	CC-NLR	CNLO	CGGLPLAIIVAASLLTIQPDK
A0A453GTZ9_AEGTS	MOTIF	GLPL	361	381	(CC)(NBARC)(LRR)(OTHER)	NLR	CC-NLR	CNLO	CGGLPLAIIIAASLLAIQPEK
A0A453GU37_AEGTS	MOTIF	GLPL	361	381	(CC)(NBARC)(LRR)(OTHER)	NLR	CC-NLR	CNLO	CGGLPLAIIIAASLLAIQPEK
A0A6G1CAD2_9ORYZ	MOTIF	GLPL	340	360	(CC)(NBARC)(LRR)(OTHER)	NLR	CC-NLR	CNLO	CGGLPLGIINIARLLASEMDN
A0A0E0IZU7_ORYNI	MOTIF	GLPL	343	363	(CC)(NBARC)(LRR)(OTHER)	NLR	CC-NLR	CNLO	CGGLPLGIINIARLLASEVDN
A0A3L6Q3Z7_PANMI	MOTIF	GLPL	375	395	(CC)(NBARC)(LRR)(OTHER)	NLR	CC-NLR	CNLO	CSGLPLATTIIASVLACQPDN
A0A3L6PIH5_PANMI	MOTIF	GLPL	365	385	(CC)(NBARC)(OTHER)	NLR	CC-NLR	CNO	CSGLPLATTIIASVFACQPDN
A0A0D9XCJ8_9ORYZ	MOTIF	GLPL	470	490	(CC)(NBARC)(LRR)	NLR	CC-NLR	CNL	CEGIPVVAYSLGSMVRNKDED
A0A0D9XCJ7_9ORYZ	MOTIF	GLPL	470	490	(CC)(NBARC)(LRR)	NLR	CC-NLR	CNL	CEGIPVVAYSLGSMVRNKDED
A0A0E0LZX0_ORYPU	MOTIF	GLPL	316	336	(CC)(NBARC)(LRR)	NLR	CC-NLR	CNL	CEGIPAVAYSLGSLLRNKNEE
A0A0D3GFF5_9ORYZ	MOTIF	Kin-2	402	416	(OTHER)(CC)(NBARC)(LRR)	NLR	CC-NLR	OCNL	YFVVLDDLWTIDAWN
A0A287Y046_HORVV	MOTIF	Kin-2	229	243	(CC)(NBARC)(LRR)(OTHER)	NLR	CC-NLR	CNLO	YFIIIDDLWAISLWD
A0A287XZY9_HORVV	MOTIF	Kin-2	179	193	(NBARC)(LRR)(OTHER)	NLR	CC-NLR or CCR-NLR or CCG10-NLR	NLO	YFIIIDDLWAISLWD
A0A287XZT2_HORVV	MOTIF	Kin-2	273	287	(CC)(NBARC)(LRR)(OTHER)	NLR	CC-NLR	CNLO	YFIIIDDLWAISLWD
M0YWH3_HORVV	MOTIF	Kin-2	273	287	(CC)(NBARC)(LRR)(OTHER)	NLR	CC-NLR	CNLO	YFIIIDDLWAISLWD
A0A287Y020_HORVV	MOTIF	Kin-2	320	334	(CC)(NBARC)(LRR)(OTHER)	NLR	CC-NLR	CNLO	YFIIIDDLWAISLWD
A0A453GTZ9_AEGTS	MOTIF	Kin-2	272	286	(CC)(NBARC)(LRR)(OTHER)	NLR	CC-NLR	CNLO	YFIIIDDLWAISVWD
A0A453GU37_AEGTS	MOTIF	Kin-2	272	286	(CC)(NBARC)(LRR)(OTHER)	NLR	CC-NLR	CNLO	YFIIIDDLWAISVWD
A0A6G1CAD2_9ORYZ	MOTIF	Kin-2	249	263	(CC)(NBARC)(LRR)(OTHER)	NLR	CC-NLR	CNLO	YFIVIDDLWETTSWD
A0A0E0IZU7_ORYNI	MOTIF	Kin-2	252	266	(CC)(NBARC)(LRR)(OTHER)	NLR	CC-NLR	CNLO	YFIVIDDLWETTSWD
A0A3L6Q3Z7_PANMI	MOTIF	Kin-2	263	277	(CC)(NBARC)(LRR)(OTHER)	NLR	CC-NLR	CNLO	YFIVIDGLWETTSWD
A0A3L6PIH5_PANMI	MOTIF	Kin-2	266	280	(CC)(NBARC)(OTHER)	NLR	CC-NLR	CNO	YFIVIDGLWETTSWD
A0A0D3GFF5_9ORYZ	MOTIF	RNBS-B	429	448	(OTHER)(CC)(NBARC)(LRR)	NLR	CC-NLR	OCNL	RGSRIIITTRDAGLAGRCTS
A0A287Y046_HORVV	MOTIF	RNBS-B	254	273	(CC)(NBARC)(LRR)(OTHER)	NLR	CC-NLR	CNLO	CGSRIVTITETMEVALACCG
A0A287XZY9_HORVV	MOTIF	RNBS-B	204	223	(NBARC)(LRR)(OTHER)	NLR	CC-NLR or CCR-NLR or CCG10-NLR	NLO	CGSRIVTITETMEVALACCG
A0A287XZT2_HORVV	MOTIF	RNBS-B	298	317	(CC)(NBARC)(LRR)(OTHER)	NLR	CC-NLR	CNLO	CGSRIVTITETMEVALACCG
M0YWH3_HORVV	MOTIF	RNBS-B	298	317	(CC)(NBARC)(LRR)(OTHER)	NLR	CC-NLR	CNLO	CGSRIVTITETMEVALACCG
A0A287Y020_HORVV	MOTIF	RNBS-B	345	364	(CC)(NBARC)(LRR)(OTHER)	NLR	CC-NLR	CNLO	CGSRIVTITETMEVALACCG
A0A453GTZ9_AEGTS	MOTIF	RNBS-B	297	316	(CC)(NBARC)(LRR)(OTHER)	NLR	CC-NLR	CNLO	CCSRIVTTTETMEVALACCG
A0A453GU37_AEGTS	MOTIF	RNBS-B	297	316	(CC)(NBARC)(LRR)(OTHER)	NLR	CC-NLR	CNLO	CCSRIVTTTETMEVALACCG
A0A6G1CAD2_9ORYZ	MOTIF	RNBS-B	274	293	(CC)(NBARC)(LRR)(OTHER)	NLR	CC-NLR	CNLO	DCSRILMTTAIEDIALECCD
A0A0E0IZU7_ORYNI	MOTIF	RNBS-B	277	296	(CC)(NBARC)(LRR)(OTHER)	NLR	CC-NLR	CNLO	DCSRILMTTTIEDVALECCD
A0A3L6PIH5_PANMI	MOTIF	RNBS-B	291	310	(CC)(NBARC)(OTHER)	NLR	CC-NLR	CNO	HCSRVLITTDIEEVALECCD
Pii-2	MOTIF	RNBS-A	211	239	(CC)(NBARC)(LRR)	NLR	CC-NLR	CNL	NFDQRIWVHLDKKLDLNKIANSIISQVNQ
A0A0D3GFF5_9ORYZ	MOTIF	RNBS-A	339	367	(OTHER)(CC)(NBARC)(LRR)	NLR	CC-NLR	OCNL	NFSCCAWITVSQSFDRKEILKQMIRQLLG
A0A287Y046_HORVV	MOTIF	RNBS-A	176	204	(CC)(NBARC)(LRR)(OTHER)	NLR	CC-NLR	CNLO	QFECRAFVRTAQKPDMRGIIRSILSQARP
A0A287XZY9_HORVV	MOTIF	RNBS-A	126	154	(NBARC)(LRR)(OTHER)	NLR	CC-NLR or CCR-NLR or CCG10-NLR	NLO	QFECRAFVRTAQKPDMRGIIRSILSQARP
A0A287XZT2_HORVV	MOTIF	RNBS-A	220	248	(CC)(NBARC)(LRR)(OTHER)	NLR	CC-NLR	CNLO	QFECRAFVRTAQKPDMRGIIRSILSQARP
M0YWH3_HORVV	MOTIF	RNBS-A	220	248	(CC)(NBARC)(LRR)(OTHER)	NLR	CC-NLR	CNLO	QFECRAFVRTAQKPDMRGIIRSILSQARP
A0A287Y020_HORVV	MOTIF	RNBS-A	267	295	(CC)(NBARC)(LRR)(OTHER)	NLR	CC-NLR	CNLO	QFECRAFVRTAQKPDMRGIIRSILSQARP
A0A453GTZ9_AEGTS	MOTIF	RNBS-A	219	247	(CC)(NBARC)(LRR)(OTHER)	NLR	CC-NLR	CNLO	QFECRAFVRTAQKPDMRGIIRSILSQVRR
A0A453GU37_AEGTS	MOTIF	RNBS-A	219	247	(CC)(NBARC)(LRR)(OTHER)	NLR	CC-NLR	CNLO	QFECRAFVRTAQKPDMRGIIRSILSQVRR
A0A6G1CAD2_9ORYZ	MOTIF	RNBS-A	194	222	(CC)(NBARC)(LRR)(OTHER)	NLR	CC-NLR	CNLO	RFECRAFVQASRMPDTKRLLRSMLSQVRR
A0A0E0IZU7_ORYNI	MOTIF	RNBS-A	197	225	(CC)(NBARC)(LRR)(OTHER)	NLR	CC-NLR	CNLO	RFECRAFVQVSRMPDTKRLLRSMLSQFRR
A0A3L6Q3Z7_PANMI	MOTIF	RNBS-A	209	237	(CC)(NBARC)(LRR)(OTHER)	NLR	CC-NLR	CNLO	QFERRAFVRASRVPDARRLLRSIISQVRR
A0A3L6PIH5_PANMI	MOTIF	RNBS-A	212	240	(CC)(NBARC)(OTHER)	NLR	CC-NLR	CNO	QFDRRAFVRASRVPDARRLLRSMISQVRR
A0A0D9XCJ8_9ORYZ	MOTIF	RNBS-A	324	352	(CC)(NBARC)(LRR)	NLR	CC-NLR	CNL	NFDQRIWVHLDRKLDLNKIANDIISQVNQ
A0A0D9XCJ7_9ORYZ	MOTIF	RNBS-A	324	352	(CC)(NBARC)(LRR)	NLR	CC-NLR	CNL	NFDQRIWVHLDRKLDLNKIANDIISQVNQ
A0A0E0LZX0_ORYPU	MOTIF	RNBS-A	170	198	(CC)(NBARC)(LRR)	NLR	CC-NLR	CNL	NFDQRIWVHLDRKLDLNKIANSIISQVNQ
Pii-2	MOTIF	MHD	492	512	(CC)(NBARC)(LRR)	NLR	CC-NLR	CNL	LRIHNLVHDFAMYVARDDLII
A0A0D3GFF5_9ORYZ	MOTIF	MHD	622	642	(OTHER)(CC)(NBARC)(LRR)	NLR	CC-NLR	OCNL	CRIHDIMRDIIVSISREENFV
A0A287XZS2_HORVV	MOTIF	MHD	179	199	(PLOOP)(LRR)(OTHER)	degenerate NLR	CC-NLR or CCR-NLR or CCG10-NLR	PLO	YSVHHMVLDLITYKSIEENFI
A0A287Y046_HORVV	MOTIF	MHD	443	463	(CC)(NBARC)(LRR)(OTHER)	NLR	CC-NLR	CNLO	YSVHHMVLDLITYKSIEENFI
A0A287XZY9_HORVV	MOTIF	MHD	393	413	(NBARC)(LRR)(OTHER)	NLR	CC-NLR or CCR-NLR or CCG10-NLR	NLO	YSVHHMVLDLITYKSIEENFI
A0A287XZT2_HORVV	MOTIF	MHD	487	507	(CC)(NBARC)(LRR)(OTHER)	NLR	CC-NLR	CNLO	YSVHHMVLDLITYKSIEENFI
M0YWH3_HORVV	MOTIF	MHD	487	507	(CC)(NBARC)(LRR)(OTHER)	NLR	CC-NLR	CNLO	YSVHHMVLDLITYKSIEENFI
A0A287Y020_HORVV	MOTIF	MHD	534	554	(CC)(NBARC)(LRR)(OTHER)	NLR	CC-NLR	CNLO	YSVHHMVLDLITYKSIEENFI
A0A453GTZ9_AEGTS	MOTIF	MHD	487	507	(CC)(NBARC)(LRR)(OTHER)	NLR	CC-NLR	CNLO	YSVHHMVLDLITYKSIEENFI
A0A453GU37_AEGTS	MOTIF	MHD	487	507	(CC)(NBARC)(LRR)(OTHER)	NLR	CC-NLR	CNLO	YSVHHMVLDLITYKSIEENFI
A0A6G1CAD2_9ORYZ	MOTIF	MHD	470	490	(CC)(NBARC)(LRR)(OTHER)	NLR	CC-NLR	CNLO	CTVHHMVFDVIKDMSVEENFT
A0A0D9XCJ8_9ORYZ	MOTIF	MHD	605	625	(CC)(NBARC)(LRR)	NLR	CC-NLR	CNL	LRIHNLVHDFAMYVARDDLII
A0A0D9XCJ7_9ORYZ	MOTIF	MHD	605	625	(CC)(NBARC)(LRR)	NLR	CC-NLR	CNL	LRIHNLVHDFAMYVARDDLII
A0A0E0LZX0_ORYPU	MOTIF	MHD	451	471	(CC)(NBARC)(LRR)	NLR	CC-NLR	CNL	LRIHNLVHDFAMYVARDDLII
A0A453GU18_AEGTS	MOTIF	MHD	80	100	(LRR)	degenerate NLR	CC-NLR or CCR-NLR or CCG10-NLR	L	YSVHHMVLDLITYKSIEENFI
A0A0D3GFF5_9ORYZ	MOTIF	linker	591	611	(OTHER)(CC)(NBARC)(LRR)	NLR	CC-NLR	OCNL	IEDVGNSHFNELINRSLIQPS
A0A287XZS2_HORVV	MOTIF	linker	148	168	(PLOOP)(LRR)(OTHER)	degenerate NLR	CC-NLR or CCR-NLR or CCG10-NLR	PLO	MEEVAGSYFGKLVSAGLIQAM
A0A287Y046_HORVV	MOTIF	linker	412	432	(CC)(NBARC)(LRR)(OTHER)	NLR	CC-NLR	CNLO	MEEVAGSYFGKLVSAGLIQAM
A0A287XZY9_HORVV	MOTIF	linker	362	382	(NBARC)(LRR)(OTHER)	NLR	CC-NLR or CCR-NLR or CCG10-NLR	NLO	MEEVAGSYFGKLVSAGLIQAM
A0A287XZT2_HORVV	MOTIF	linker	456	476	(CC)(NBARC)(LRR)(OTHER)	NLR	CC-NLR	CNLO	MEEVAGSYFGKLVSAGLIQAM
M0YWH3_HORVV	MOTIF	linker	456	476	(CC)(NBARC)(LRR)(OTHER)	NLR	CC-NLR	CNLO	MEEVAGSYFGKLVSAGLIQAM
A0A287Y020_HORVV	MOTIF	linker	503	523	(CC)(NBARC)(LRR)(OTHER)	NLR	CC-NLR	CNLO	MEEVAGSYFGKLVSAGLIQAM
A0A453GTZ9_AEGTS	MOTIF	linker	456	476	(CC)(NBARC)(LRR)(OTHER)	NLR	CC-NLR	CNLO	MEEVAGSYFDKLVSAGLIQAM
A0A453GU37_AEGTS	MOTIF	linker	456	476	(CC)(NBARC)(LRR)(OTHER)	NLR	CC-NLR	CNLO	MEEVAGSYFDKLVSAGLIQAM
A0A6G1CAD2_9ORYZ	MOTIF	linker	439	459	(CC)(NBARC)(LRR)(OTHER)	NLR	CC-NLR	CNLO	ANAVADSYFDELVSKGMVQPN
A0A0E0IZU7_ORYNI	MOTIF	linker	442	462	(CC)(NBARC)(LRR)(OTHER)	NLR	CC-NLR	CNLO	ANAVADSYFDELVSRGMMQPN
A0A3L6Q3Z7_PANMI	MOTIF	linker	472	492	(CC)(NBARC)(LRR)(OTHER)	NLR	CC-NLR	CNLO	ANEVAECCFDELVSRGLVQSN
A0A453GU18_AEGTS	MOTIF	linker	49	69	(LRR)	degenerate NLR	CC-NLR or CCR-NLR or CCG10-NLR	L	MEEVAGSYFDKLVSAGLIQAM
A0A287XZS2_HORVV	MOTIF	RNBS-C	21	35	(PLOOP)(LRR)(OTHER)	degenerate NLR	CC-NLR or CCR-NLR or CCG10-NLR	PLO	LGEDDSEKLLLQRIL
A0A287Y046_HORVV	MOTIF	RNBS-C	285	299	(CC)(NBARC)(LRR)(OTHER)	NLR	CC-NLR	CNLO	LGEDDSEKLLLQRIL
A0A287XZY9_HORVV	MOTIF	RNBS-C	235	249	(NBARC)(LRR)(OTHER)	NLR	CC-NLR or CCR-NLR or CCG10-NLR	NLO	LGEDDSEKLLLQRIL
A0A287XZT2_HORVV	MOTIF	RNBS-C	329	343	(CC)(NBARC)(LRR)(OTHER)	NLR	CC-NLR	CNLO	LGEDDSEKLLLQRIL
M0YWH3_HORVV	MOTIF	RNBS-C	329	343	(CC)(NBARC)(LRR)(OTHER)	NLR	CC-NLR	CNLO	LGEDDSEKLLLQRIL
A0A287Y020_HORVV	MOTIF	RNBS-C	376	390	(CC)(NBARC)(LRR)(OTHER)	NLR	CC-NLR	CNLO	LGEDDSEKLLLQRIL
A0A0E0IZU7_ORYNI	MOTIF	RNBS-C	308	322	(CC)(NBARC)(LRR)(OTHER)	NLR	CC-NLR	CNLO	LSRDDSLNLFLNSAF
A0A3L6Q3Z7_PANMI	MOTIF	RNBS-C	340	354	(CC)(NBARC)(LRR)(OTHER)	NLR	CC-NLR	CNLO	LSIDDSMDLFFNRVF
A0A0D9XCJ8_9ORYZ	MOTIF	RNBS-C	436	450	(CC)(NBARC)(LRR)	NLR	CC-NLR	CNL	LSEADCWTIFCQRAF
A0A0D9XCJ7_9ORYZ	MOTIF	RNBS-C	436	450	(CC)(NBARC)(LRR)	NLR	CC-NLR	CNL	LSEADCWTIFCQRAF
A0A0D3GFF5_9ORYZ	MOTIF	NB-ARC motif 12	537	551	(OTHER)(CC)(NBARC)(LRR)	NLR	CC-NLR	OCNL	MRRMVTLSYNHLPSH
